Ticker,Company,Index Fund
MMM,3M,US S&P 500
AOS,A. O. Smith,US S&P 500
ABT,Abbott,US S&P 500
ABBV,AbbVie,US S&P 500
ACN,Accenture,US S&P 500
ATVI,Activision Blizzard,US S&P 500
ADM,ADM,US S&P 500
ADBE,Adobe Inc.,US S&P 500
ADP,ADP,US S&P 500
AAP,Advance Auto Parts,US S&P 500
AES,AES Corporation,US S&P 500
AFL,Aflac,US S&P 500
A,Agilent Technologies,US S&P 500
APD,Air Products and Chemicals,US S&P 500
AKAM,Akamai,US S&P 500
ALK,Alaska Air Group,US S&P 500
ALB,Albemarle Corporation,US S&P 500
ARE,Alexandria Real Estate Equities,US S&P 500
ALGN,Align Technology,US S&P 500
ALLE,Allegion,US S&P 500
LNT,Alliant Energy,US S&P 500
ALL,Allstate,US S&P 500
GOOGL,Alphabet Inc. (Class A),US S&P 500
GOOG,Alphabet Inc. (Class C),US S&P 500
MO,Altria,US S&P 500
AMZN,Amazon,US S&P 500
AMCR,Amcor,US S&P 500
AMD,AMD,US S&P 500
AEE,Ameren,US S&P 500
AAL,American Airlines Group,US S&P 500
AEP,American Electric Power,US S&P 500
AXP,American Express,US S&P 500
AIG,American International Group,US S&P 500
AMT,American Tower,US S&P 500
AWK,American Water Works,US S&P 500
AMP,Ameriprise Financial,US S&P 500
ABC,AmerisourceBergen,US S&P 500
AME,Ametek,US S&P 500
AMGN,Amgen,US S&P 500
APH,Amphenol,US S&P 500
ADI,Analog Devices,US S&P 500
ANSS,Ansys,US S&P 500
AON,Aon,US S&P 500
APA,APA Corporation,US S&P 500
AAPL,Apple Inc.,US S&P 500
AMAT,Applied Materials,US S&P 500
APTV,Aptiv,US S&P 500
ACGL,Arch Capital Group,US S&P 500
ANET,Arista Networks,US S&P 500
AJG,Arthur J. Gallagher & Co.,US S&P 500
AIZ,Assurant,US S&P 500
T,AT&T,US S&P 500
ATO,Atmos Energy,US S&P 500
ADSK,Autodesk,US S&P 500
AZO,AutoZone,US S&P 500
AVB,AvalonBay Communities,US S&P 500
AVY,Avery Dennison,US S&P 500
AXON,Axon Enterprise,US S&P 500
BKR,Baker Hughes,US S&P 500
BALL,Ball Corporation,US S&P 500
BAC,Bank of America,US S&P 500
BBWI,"Bath & Body Works, Inc.",US S&P 500
BAX,Baxter International,US S&P 500
BDX,Becton Dickinson,US S&P 500
WRB,Berkley,US S&P 500
BRK.B,Berkshire Hathaway,US S&P 500
BBY,Best Buy,US S&P 500
BIO,Bio-Rad,US S&P 500
TECH,Bio-Techne,US S&P 500
BIIB,Biogen,US S&P 500
BLK,BlackRock,US S&P 500
BK,BNY Mellon,US S&P 500
BA,Boeing,US S&P 500
BKNG,Booking Holdings,US S&P 500
BWA,BorgWarner,US S&P 500
BXP,Boston Properties,US S&P 500
BSX,Boston Scientific,US S&P 500
BMY,Bristol Myers Squibb,US S&P 500
AVGO,Broadcom Inc.,US S&P 500
BR,Broadridge Financial Solutions,US S&P 500
BRO,Brown & Brown,US S&P 500
BF.B,Brown–Forman,US S&P 500
BG,Bunge Limited,US S&P 500
CHRW,C.H. Robinson,US S&P 500
CDNS,Cadence Design Systems,US S&P 500
CZR,Caesars Entertainment,US S&P 500
CPT,Camden Property Trust,US S&P 500
CPB,Campbell Soup Company,US S&P 500
COF,Capital One,US S&P 500
CAH,Cardinal Health,US S&P 500
KMX,CarMax,US S&P 500
CCL,Carnival,US S&P 500
CARR,Carrier Global,US S&P 500
CTLT,Catalent,US S&P 500
CAT,Caterpillar Inc.,US S&P 500
CBOE,Cboe Global Markets,US S&P 500
CBRE,CBRE Group,US S&P 500
CDW,CDW,US S&P 500
CE,Celanese,US S&P 500
CNC,Centene Corporation,US S&P 500
CNP,CenterPoint Energy,US S&P 500
CDAY,Ceridian,US S&P 500
CF,CF Industries,US S&P 500
CRL,Charles River Laboratories,US S&P 500
SCHW,Charles Schwab Corporation,US S&P 500
CHTR,Charter Communications,US S&P 500
CVX,Chevron Corporation,US S&P 500
CMG,Chipotle Mexican Grill,US S&P 500
CB,Chubb Limited,US S&P 500
CHD,Church & Dwight,US S&P 500
CI,Cigna,US S&P 500
CINF,Cincinnati Financial,US S&P 500
CTAS,Cintas,US S&P 500
CSCO,Cisco,US S&P 500
C,Citigroup,US S&P 500
CFG,Citizens Financial Group,US S&P 500
CLX,Clorox,US S&P 500
CME,CME Group,US S&P 500
CMS,CMS Energy,US S&P 500
KO,Coca-Cola Company (The),US S&P 500
CTSH,Cognizant,US S&P 500
CL,Colgate-Palmolive,US S&P 500
CMCSA,Comcast,US S&P 500
CMA,Comerica,US S&P 500
CAG,Conagra Brands,US S&P 500
COP,ConocoPhillips,US S&P 500
ED,Consolidated Edison,US S&P 500
STZ,Constellation Brands,US S&P 500
CEG,Constellation Energy,US S&P 500
COO,CooperCompanies,US S&P 500
CPRT,Copart,US S&P 500
GLW,Corning Inc.,US S&P 500
CTVA,Corteva,US S&P 500
CSGP,CoStar Group,US S&P 500
COST,Costco,US S&P 500
CTRA,Coterra,US S&P 500
CCI,Crown Castle,US S&P 500
CSX,CSX,US S&P 500
CMI,Cummins,US S&P 500
CVS,CVS Health,US S&P 500
DHI,D.R. Horton,US S&P 500
DHR,Danaher Corporation,US S&P 500
DRI,Darden Restaurants,US S&P 500
DVA,DaVita Inc.,US S&P 500
DE,John Deere,US S&P 500
DAL,Delta Air Lines,US S&P 500
XRAY,Dentsply Sirona,US S&P 500
DVN,Devon Energy,US S&P 500
DXCM,Dexcom,US S&P 500
FANG,Diamondback Energy,US S&P 500
DLR,Digital Realty,US S&P 500
DFS,Discover Financial,US S&P 500
DISH,Dish Network,US S&P 500
DIS,Disney,US S&P 500
DG,Dollar General,US S&P 500
DLTR,Dollar Tree,US S&P 500
D,Dominion Energy,US S&P 500
DPZ,Domino's,US S&P 500
DOV,Dover Corporation,US S&P 500
DOW,Dow Inc.,US S&P 500
DTE,DTE Energy,US S&P 500
DUK,Duke Energy,US S&P 500
DD,DuPont,US S&P 500
DXC,DXC Technology,US S&P 500
EMN,Eastman Chemical Company,US S&P 500
ETN,Eaton Corporation,US S&P 500
EBAY,eBay,US S&P 500
ECL,Ecolab,US S&P 500
EIX,Edison International,US S&P 500
EW,Edwards Lifesciences,US S&P 500
EA,Electronic Arts,US S&P 500
ELV,Elevance Health,US S&P 500
LLY,Eli Lilly and Company,US S&P 500
EMR,Emerson Electric,US S&P 500
ENPH,Enphase,US S&P 500
ETR,Entergy,US S&P 500
EOG,EOG Resources,US S&P 500
EPAM,EPAM Systems,US S&P 500
EQT,EQT,US S&P 500
EFX,Equifax,US S&P 500
EQIX,Equinix,US S&P 500
EQR,Equity Residential,US S&P 500
ESS,Essex Property Trust,US S&P 500
EL,Estée Lauder Companies (The),US S&P 500
ETSY,Etsy,US S&P 500
RE,Everest Re,US S&P 500
EVRG,Evergy,US S&P 500
ES,Eversource,US S&P 500
EXC,Exelon,US S&P 500
EXPE,Expedia Group,US S&P 500
EXPD,Expeditors International,US S&P 500
EXR,Extra Space Storage,US S&P 500
XOM,ExxonMobil,US S&P 500
FFIV,"F5, Inc.",US S&P 500
FDS,FactSet,US S&P 500
FICO,Fair Isaac,US S&P 500
FAST,Fastenal,US S&P 500
FRT,Federal Realty,US S&P 500
FDX,FedEx,US S&P 500
FITB,Fifth Third Bank,US S&P 500
FSLR,First Solar,US S&P 500
FE,FirstEnergy,US S&P 500
FIS,FIS,US S&P 500
FISV,Fiserv,US S&P 500
FLT,Fleetcor,US S&P 500
FMC,FMC Corporation,US S&P 500
F,Ford Motor Company,US S&P 500
FTNT,Fortinet,US S&P 500
FTV,Fortive,US S&P 500
FOXA,Fox Corporation (Class A),US S&P 500
FOX,Fox Corporation (Class B),US S&P 500
BEN,Franklin Templeton,US S&P 500
FCX,Freeport-McMoRan,US S&P 500
GRMN,Garmin,US S&P 500
IT,Gartner,US S&P 500
GEHC,GE HealthCare,US S&P 500
GEN,Gen Digital,US S&P 500
GNRC,Generac,US S&P 500
GD,General Dynamics,US S&P 500
GE,General Electric,US S&P 500
GIS,General Mills,US S&P 500
GM,General Motors,US S&P 500
GPC,Genuine Parts Company,US S&P 500
GILD,Gilead Sciences,US S&P 500
GL,Globe Life,US S&P 500
GPN,Global Payments,US S&P 500
GS,Goldman Sachs,US S&P 500
HAL,Halliburton,US S&P 500
HIG,Hartford (The),US S&P 500
HAS,Hasbro,US S&P 500
HCA,HCA Healthcare,US S&P 500
PEAK,Healthpeak,US S&P 500
HSIC,Henry Schein,US S&P 500
HSY,Hershey's,US S&P 500
HES,Hess Corporation,US S&P 500
HPE,Hewlett Packard Enterprise,US S&P 500
HLT,Hilton Worldwide,US S&P 500
HOLX,Hologic,US S&P 500
HD,Home Depot (The),US S&P 500
HON,Honeywell,US S&P 500
HRL,Hormel Foods,US S&P 500
HST,Host Hotels & Resorts,US S&P 500
HWM,Howmet Aerospace,US S&P 500
HPQ,HP Inc.,US S&P 500
HUM,Humana,US S&P 500
HBAN,Huntington Bancshares,US S&P 500
HII,Huntington Ingalls Industries,US S&P 500
IBM,IBM,US S&P 500
IEX,IDEX Corporation,US S&P 500
IDXX,Idexx Laboratories,US S&P 500
ITW,Illinois Tool Works,US S&P 500
ILMN,Illumina,US S&P 500
INCY,Incyte,US S&P 500
IR,Ingersoll Rand,US S&P 500
PODD,Insulet,US S&P 500
INTC,Intel,US S&P 500
ICE,Intercontinental Exchange,US S&P 500
IFF,International Flavors & Fragrances,US S&P 500
IP,International Paper,US S&P 500
IPG,Interpublic Group of Companies (The),US S&P 500
INTU,Intuit,US S&P 500
ISRG,Intuitive Surgical,US S&P 500
IVZ,Invesco,US S&P 500
INVH,Invitation Homes,US S&P 500
IQV,IQVIA,US S&P 500
IRM,Iron Mountain,US S&P 500
JBHT,J.B. Hunt,US S&P 500
JKHY,Jack Henry & Associates,US S&P 500
J,Jacobs Solutions,US S&P 500
JNJ,Johnson & Johnson,US S&P 500
JCI,Johnson Controls,US S&P 500
JPM,JPMorgan Chase,US S&P 500
JNPR,Juniper Networks,US S&P 500
K,Kellogg's,US S&P 500
KDP,Keurig Dr Pepper,US S&P 500
KEY,KeyCorp,US S&P 500
KEYS,Keysight,US S&P 500
KMB,Kimberly-Clark,US S&P 500
KIM,Kimco Realty,US S&P 500
KMI,Kinder Morgan,US S&P 500
KLAC,KLA Corporation,US S&P 500
KHC,Kraft Heinz,US S&P 500
KR,Kroger,US S&P 500
LHX,L3Harris,US S&P 500
LH,LabCorp,US S&P 500
LRCX,Lam Research,US S&P 500
LW,Lamb Weston,US S&P 500
LVS,Las Vegas Sands,US S&P 500
LDOS,Leidos,US S&P 500
LEN,Lennar,US S&P 500
LNC,Lincoln Financial,US S&P 500
LIN,Linde plc,US S&P 500
LYV,Live Nation Entertainment,US S&P 500
LKQ,LKQ Corporation,US S&P 500
LMT,Lockheed Martin,US S&P 500
L,Loews Corporation,US S&P 500
LOW,Lowe's,US S&P 500
LYB,LyondellBasell,US S&P 500
MTB,M&T Bank,US S&P 500
MRO,Marathon Oil,US S&P 500
MPC,Marathon Petroleum,US S&P 500
MKTX,MarketAxess,US S&P 500
MAR,Marriott International,US S&P 500
MMC,Marsh McLennan,US S&P 500
MLM,Martin Marietta Materials,US S&P 500
MAS,Masco,US S&P 500
MA,Mastercard,US S&P 500
MTCH,Match Group,US S&P 500
MKC,McCormick & Company,US S&P 500
MCD,McDonald's,US S&P 500
MCK,McKesson,US S&P 500
MDT,Medtronic,US S&P 500
MRK,Merck & Co.,US S&P 500
META,Meta Platforms,US S&P 500
MET,MetLife,US S&P 500
MTD,Mettler Toledo,US S&P 500
MGM,MGM Resorts,US S&P 500
MCHP,Microchip Technology,US S&P 500
MU,Micron Technology,US S&P 500
MSFT,Microsoft,US S&P 500
MAA,Mid-America Apartment Communities,US S&P 500
MRNA,Moderna,US S&P 500
MHK,Mohawk Industries,US S&P 500
MOH,Molina Healthcare,US S&P 500
TAP,Molson Coors Beverage Company,US S&P 500
MDLZ,Mondelez International,US S&P 500
MPWR,Monolithic Power Systems,US S&P 500
MNST,Monster Beverage,US S&P 500
MCO,Moody's Corporation,US S&P 500
MS,Morgan Stanley,US S&P 500
MOS,Mosaic Company (The),US S&P 500
MSI,Motorola Solutions,US S&P 500
MSCI,MSCI,US S&P 500
NDAQ,"Nasdaq, Inc.",US S&P 500
NTAP,NetApp,US S&P 500
NFLX,Netflix,US S&P 500
NWL,Newell Brands,US S&P 500
NEM,Newmont,US S&P 500
NWSA,News Corp (Class A),US S&P 500
NWS,News Corp (Class B),US S&P 500
NEE,NextEra Energy,US S&P 500
NKE,"Nike, Inc.",US S&P 500
NI,NiSource,US S&P 500
NDSN,Nordson Corporation,US S&P 500
NSC,Norfolk Southern Railway,US S&P 500
NTRS,Northern Trust,US S&P 500
NOC,Northrop Grumman,US S&P 500
NCLH,Norwegian Cruise Line Holdings,US S&P 500
NRG,NRG Energy,US S&P 500
NUE,Nucor,US S&P 500
NVDA,Nvidia,US S&P 500
NVR,"NVR, Inc.",US S&P 500
NXPI,NXP Semiconductors,US S&P 500
ORLY,O'Reilly Auto Parts,US S&P 500
OXY,Occidental Petroleum,US S&P 500
ODFL,Old Dominion,US S&P 500
OMC,Omnicom Group,US S&P 500
ON,ON Semiconductor,US S&P 500
OKE,ONEOK,US S&P 500
ORCL,Oracle Corporation,US S&P 500
OGN,Organon & Co.,US S&P 500
OTIS,Otis Worldwide,US S&P 500
PCAR,Paccar,US S&P 500
PKG,Packaging Corporation of America,US S&P 500
PARA,Paramount Global,US S&P 500
PH,Parker Hannifin,US S&P 500
PAYX,Paychex,US S&P 500
PAYC,Paycom,US S&P 500
PYPL,PayPal,US S&P 500
PNR,Pentair,US S&P 500
PEP,PepsiCo,US S&P 500
PFE,Pfizer,US S&P 500
PCG,PG&E Corporation,US S&P 500
PM,Philip Morris International,US S&P 500
PSX,Phillips 66,US S&P 500
PNW,Pinnacle West,US S&P 500
PXD,Pioneer Natural Resources,US S&P 500
PNC,PNC Financial Services,US S&P 500
POOL,Pool Corporation,US S&P 500
PPG,PPG Industries,US S&P 500
PPL,PPL Corporation,US S&P 500
PFG,Principal Financial Group,US S&P 500
PG,Procter & Gamble,US S&P 500
PGR,Progressive Corporation,US S&P 500
PLD,Prologis,US S&P 500
PRU,Prudential Financial,US S&P 500
PEG,Public Service Enterprise Group,US S&P 500
PTC,PTC,US S&P 500
PSA,Public Storage,US S&P 500
PHM,PulteGroup,US S&P 500
QRVO,Qorvo,US S&P 500
PWR,Quanta Services,US S&P 500
QCOM,Qualcomm,US S&P 500
DGX,Quest Diagnostics,US S&P 500
RL,Ralph Lauren Corporation,US S&P 500
RJF,Raymond James,US S&P 500
RTX,Raytheon Technologies,US S&P 500
O,Realty Income,US S&P 500
REG,Regency Centers,US S&P 500
REGN,Regeneron,US S&P 500
RF,Regions Financial Corporation,US S&P 500
RSG,Republic Services,US S&P 500
RMD,ResMed,US S&P 500
RVTY,Revvity,US S&P 500
RHI,Robert Half,US S&P 500
ROK,Rockwell Automation,US S&P 500
ROL,"Rollins, Inc.",US S&P 500
ROP,Roper Technologies,US S&P 500
ROST,Ross Stores,US S&P 500
RCL,Royal Caribbean Group,US S&P 500
SPGI,S&P Global,US S&P 500
CRM,Salesforce,US S&P 500
SBAC,SBA Communications,US S&P 500
SLB,Schlumberger,US S&P 500
STX,Seagate Technology,US S&P 500
SEE,Sealed Air,US S&P 500
SRE,Sempra Energy,US S&P 500
NOW,ServiceNow,US S&P 500
SHW,Sherwin-Williams,US S&P 500
SPG,Simon Property Group,US S&P 500
SWKS,Skyworks Solutions,US S&P 500
SJM,J.M. Smucker Company (The),US S&P 500
SNA,Snap-on,US S&P 500
SEDG,SolarEdge,US S&P 500
SO,Southern Company,US S&P 500
LUV,Southwest Airlines,US S&P 500
SWK,Stanley Black & Decker,US S&P 500
SBUX,Starbucks,US S&P 500
STT,State Street Corporation,US S&P 500
STLD,Steel Dynamics,US S&P 500
STE,Steris,US S&P 500
SYK,Stryker Corporation,US S&P 500
SYF,Synchrony Financial,US S&P 500
SNPS,Synopsys,US S&P 500
SYY,Sysco,US S&P 500
TMUS,T-Mobile US,US S&P 500
TROW,T. Rowe Price,US S&P 500
TTWO,Take-Two Interactive,US S&P 500
TPR,"Tapestry, Inc.",US S&P 500
TRGP,Targa Resources,US S&P 500
TGT,Target Corporation,US S&P 500
TEL,TE Connectivity,US S&P 500
TDY,Teledyne Technologies,US S&P 500
TFX,Teleflex,US S&P 500
TER,Teradyne,US S&P 500
TSLA,"Tesla, Inc.",US S&P 500
TXN,Texas Instruments,US S&P 500
TXT,Textron,US S&P 500
TMO,Thermo Fisher Scientific,US S&P 500
TJX,TJX Companies,US S&P 500
TSCO,Tractor Supply,US S&P 500
TT,Trane Technologies,US S&P 500
TDG,TransDigm Group,US S&P 500
TRV,Travelers Companies (The),US S&P 500
TRMB,Trimble Inc.,US S&P 500
TFC,Truist,US S&P 500
TYL,Tyler Technologies,US S&P 500
TSN,Tyson Foods,US S&P 500
USB,U.S. Bank,US S&P 500
UDR,"UDR, Inc.",US S&P 500
ULTA,Ulta Beauty,US S&P 500
UNP,Union Pacific Corporation,US S&P 500
UAL,United Airlines Holdings,US S&P 500
UPS,United Parcel Service,US S&P 500
URI,United Rentals,US S&P 500
UNH,UnitedHealth Group,US S&P 500
UHS,Universal Health Services,US S&P 500
VLO,Valero Energy,US S&P 500
VTR,Ventas,US S&P 500
VRSN,Verisign,US S&P 500
VRSK,Verisk,US S&P 500
VZ,Verizon,US S&P 500
VRTX,Vertex Pharmaceuticals,US S&P 500
VFC,VF Corporation,US S&P 500
VTRS,Viatris,US S&P 500
VICI,Vici Properties,US S&P 500
V,Visa Inc.,US S&P 500
VMC,Vulcan Materials Company,US S&P 500
WAB,Wabtec,US S&P 500
WBA,Walgreens Boots Alliance,US S&P 500
WMT,Walmart,US S&P 500
WBD,Warner Bros. Discovery,US S&P 500
WM,Waste Management,US S&P 500
WAT,Waters Corporation,US S&P 500
WEC,WEC Energy Group,US S&P 500
WFC,Wells Fargo,US S&P 500
WELL,Welltower,US S&P 500
WST,West Pharmaceutical Services,US S&P 500
WDC,Western Digital,US S&P 500
WRK,WestRock,US S&P 500
WY,Weyerhaeuser,US S&P 500
WHR,Whirlpool Corporation,US S&P 500
WMB,Williams Companies,US S&P 500
WTW,Willis Towers Watson,US S&P 500
GWW,W. W. Grainger,US S&P 500
WYNN,Wynn Resorts,US S&P 500
XEL,Xcel Energy,US S&P 500
XYL,Xylem Inc.,US S&P 500
YUM,Yum! Brands,US S&P 500
ZBRA,Zebra Technologies,US S&P 500
ZBH,Zimmer Biomet,US S&P 500
ZION,Zions Bancorporation,US S&P 500
ZTS,Zoetis,US S&P 500
ATVI,Activision Blizzard,US NASDAQ 100
ADBE,Adobe Inc.,US NASDAQ 100
ADP,ADP,US NASDAQ 100
ABNB,Airbnb,US NASDAQ 100
ALGN,Align Technology,US NASDAQ 100
GOOGL,Alphabet Inc. (Class A),US NASDAQ 100
GOOG,Alphabet Inc. (Class C),US NASDAQ 100
AMZN,Amazon,US NASDAQ 100
AMD,Advanced Micro Devices Inc.,US NASDAQ 100
AEP,American Electric Power,US NASDAQ 100
AMGN,Amgen,US NASDAQ 100
ADI,Analog Devices,US NASDAQ 100
ANSS,Ansys,US NASDAQ 100
AAPL,Apple Inc.,US NASDAQ 100
AMAT,Applied Materials,US NASDAQ 100
ASML,ASML Holding,US NASDAQ 100
AZN,AstraZeneca,US NASDAQ 100
TEAM,Atlassian,US NASDAQ 100
ADSK,Autodesk,US NASDAQ 100
BKR,Baker Hughes,US NASDAQ 100
BIIB,Biogen,US NASDAQ 100
BKNG,Booking Holdings,US NASDAQ 100
AVGO,Broadcom Inc.,US NASDAQ 100
CDNS,Cadence Design Systems,US NASDAQ 100
CHTR,Charter Communications,US NASDAQ 100
CTAS,Cintas,US NASDAQ 100
CSCO,Cisco,US NASDAQ 100
CTSH,Cognizant,US NASDAQ 100
CMCSA,Comcast,US NASDAQ 100
CEG,Constellation Energy,US NASDAQ 100
CPRT,Copart,US NASDAQ 100
CSGP,CoStar Group,US NASDAQ 100
COST,Costco,US NASDAQ 100
CRWD,CrowdStrike,US NASDAQ 100
CSX,CSX Corporation,US NASDAQ 100
DDOG,Datadog,US NASDAQ 100
DXCM,DexCom,US NASDAQ 100
FANG,Diamondback Energy,US NASDAQ 100
DLTR,Dollar Tree,US NASDAQ 100
EBAY,eBay,US NASDAQ 100
EA,Electronic Arts,US NASDAQ 100
ENPH,Enphase Energy,US NASDAQ 100
EXC,Exelon,US NASDAQ 100
FAST,Fastenal,US NASDAQ 100
FISV,Fiserv,US NASDAQ 100
FTNT,Fortinet,US NASDAQ 100
GILD,Gilead Sciences,US NASDAQ 100
GFS,GlobalFoundries,US NASDAQ 100
HON,Honeywell,US NASDAQ 100
IDXX,Idexx Laboratories,US NASDAQ 100
ILMN,"Illumina, Inc.",US NASDAQ 100
INTC,Intel,US NASDAQ 100
INTU,Intuit,US NASDAQ 100
ISRG,Intuitive Surgical,US NASDAQ 100
JD,JD.com,US NASDAQ 100
KDP,Keurig Dr Pepper,US NASDAQ 100
KLAC,KLA Corporation,US NASDAQ 100
KHC,Kraft Heinz,US NASDAQ 100
LRCX,Lam Research,US NASDAQ 100
LCID,Lucid Motors,US NASDAQ 100
LULU,Lululemon,US NASDAQ 100
MAR,Marriott International,US NASDAQ 100
MRVL,Marvell Technology,US NASDAQ 100
MELI,MercadoLibre,US NASDAQ 100
META,Meta Platforms,US NASDAQ 100
MCHP,Microchip Technology,US NASDAQ 100
MU,Micron Technology,US NASDAQ 100
MSFT,Microsoft,US NASDAQ 100
MRNA,Moderna,US NASDAQ 100
MDLZ,Mondel?z International,US NASDAQ 100
MNST,Monster Beverage,US NASDAQ 100
NFLX,Netflix,US NASDAQ 100
NVDA,Nvidia,US NASDAQ 100
NXPI,NXP,US NASDAQ 100
ORLY,O'Reilly Automotive,US NASDAQ 100
ODFL,Old Dominion Freight Line,US NASDAQ 100
PCAR,Paccar,US NASDAQ 100
PANW,Palo Alto Networks,US NASDAQ 100
PAYX,Paychex,US NASDAQ 100
PYPL,PayPal,US NASDAQ 100
PDD,PDD Holdings,US NASDAQ 100
PEP,PepsiCo,US NASDAQ 100
QCOM,Qualcomm,US NASDAQ 100
REGN,Regeneron,US NASDAQ 100
RIVN,Rivian,US NASDAQ 100
ROST,Ross Stores,US NASDAQ 100
SGEN,Seagen,US NASDAQ 100
SIRI,Sirius XM,US NASDAQ 100
SBUX,Starbucks,US NASDAQ 100
SNPS,Synopsys,US NASDAQ 100
TMUS,T-Mobile US,US NASDAQ 100
TSLA,"Tesla, Inc.",US NASDAQ 100
TXN,Texas Instruments,US NASDAQ 100
VRSK,Verisk,US NASDAQ 100
VRTX,Vertex Pharmaceuticals,US NASDAQ 100
WBA,Walgreens Boots Alliance,US NASDAQ 100
WBD,Warner Bros. Discovery,US NASDAQ 100
WDAY,"Workday, Inc.",US NASDAQ 100
XEL,Xcel Energy,US NASDAQ 100
ZM,Zoom Video Communications,US NASDAQ 100
ZS,Zscaler,US NASDAQ 100
MMM,3M,US Dow Jones
AXP,American Express,US Dow Jones
AMGN,Amgen,US Dow Jones
AAPL,Apple,US Dow Jones
BA,Boeing,US Dow Jones
CAT,Caterpillar,US Dow Jones
CVX,Chevron,US Dow Jones
CSCO,Cisco,US Dow Jones
KO,Coca-Cola,US Dow Jones
DIS,Disney,US Dow Jones
DOW,Dow,US Dow Jones
GS,Goldman Sachs,US Dow Jones
HD,Home Depot,US Dow Jones
HON,Honeywell,US Dow Jones
IBM,IBM,US Dow Jones
INTC,Intel,US Dow Jones
JNJ,Johnson & Johnson,US Dow Jones
JPM,JPMorgan Chase,US Dow Jones
MCD,McDonald's,US Dow Jones
MRK,Merck,US Dow Jones
MSFT,Microsoft,US Dow Jones
NKE,Nike,US Dow Jones
PG,Procter & Gamble,US Dow Jones
CRM,Salesforce,US Dow Jones
TRV,Travelers,US Dow Jones
UNH,UnitedHealth Group,US Dow Jones
VZ,Verizon,US Dow Jones
V,Visa,US Dow Jones
WBA,Walgreens Boots Alliance,US Dow Jones
WMT,Walmart,US Dow Jones
TXG,10x Genomics,US Russell 1000
MMM,3M,US Russell 1000
ABT,Abbott,US Russell 1000
ABBV,AbbVie,US Russell 1000
ACHC,Acadia Healthcare,US Russell 1000
ACN,Accenture,US Russell 1000
ATVI,Activision Blizzard,US Russell 1000
AYI,Acuity Brands,US Russell 1000
ADM,ADM,US Russell 1000
ADBE,Adobe,US Russell 1000
ADP,ADP,US Russell 1000
ADT,ADT,US Russell 1000
AAP,Advance Auto Parts,US Russell 1000
WMS,Advanced Drainage Systems,US Russell 1000
ACM,AECOM,US Russell 1000
AES,AES,US Russell 1000
AFRM,Affirm,US Russell 1000
AFL,Aflac,US Russell 1000
AGCO,AGCO,US Russell 1000
A,Agilent Technologies,US Russell 1000
AGL,Agilon Health,US Russell 1000
AGNC,AGNC Investment,US Russell 1000
AIG,AIG,US Russell 1000
AL,Air Lease Corporation,US Russell 1000
APD,Air Products and Chemicals,US Russell 1000
ABNB,Airbnb,US Russell 1000
AKAM,Akamai,US Russell 1000
ALK,Alaska Air Group,US Russell 1000
ALB,Albemarle,US Russell 1000
ACI,Albertsons,US Russell 1000
AA,Alcoa,US Russell 1000
ARE,Alexandria,US Russell 1000
ALGN,Align,US Russell 1000
ALLE,Allegion,US Russell 1000
ALGM,Allegro MicroSystems,US Russell 1000
LNT,Alliant Energy,US Russell 1000
ALSN,Allison Transmission,US Russell 1000
ALL,Allstate,US Russell 1000
ALLY,Ally,US Russell 1000
ALNY,Alnylam,US Russell 1000
GOOGL,Alphabet (Class A),US Russell 1000
GOOG,Alphabet (Class C),US Russell 1000
AYX,Alteryx,US Russell 1000
ATUS,Altice USA,US Russell 1000
MO,Altria,US Russell 1000
AMZN,Amazon,US Russell 1000
AMC,AMC Theatres (Class A),US Russell 1000
AMCR,Amcor,US Russell 1000
AMD,AMD,US Russell 1000
DOX,Amdocs,US Russell 1000
AMED,Amedisys,US Russell 1000
AEE,Ameren,US Russell 1000
AAL,American Airlines Group,US Russell 1000
AEP,American Electric Power,US Russell 1000
AXP,American Express,US Russell 1000
AFG,American Financial Group,US Russell 1000
AMH,American Homes 4 Rent,US Russell 1000
AMT,American Tower,US Russell 1000
AWK,American Water,US Russell 1000
COLD,Americold,US Russell 1000
AMP,Ameriprise Financial,US Russell 1000
ABC,AmerisourceBergen,US Russell 1000
AME,Ametek,US Russell 1000
AMG,AMG,US Russell 1000
AMGN,Amgen,US Russell 1000
APH,Amphenol,US Russell 1000
ADI,Analog Devices,US Russell 1000
NLY,Annaly,US Russell 1000
ANSS,Ansys,US Russell 1000
AM,Antero Midstream,US Russell 1000
AR,Antero Resources,US Russell 1000
AON,AON,US Russell 1000
APA,APA Corporation,US Russell 1000
AIRC,Apartment Income REIT,US Russell 1000
APO,Apollo,US Russell 1000
AAPL,Apple,US Russell 1000
AMAT,Applied Materials,US Russell 1000
APP,AppLovin,US Russell 1000
ATR,AptarGroup,US Russell 1000
APTV,Aptiv,US Russell 1000
ARMK,Aramark,US Russell 1000
ACGL,Arch,US Russell 1000
AMBP,Ardagh Metal Packaging,US Russell 1000
ARES,Ares,US Russell 1000
ANET,Arista,US Russell 1000
AWI,Armstrong World Industries,US Russell 1000
ARW,Arrow Electronics,US Russell 1000
AJG,Arthur J. Gallagher & Co.,US Russell 1000
ASH,Ashland,US Russell 1000
AZPN,Aspen Technology,US Russell 1000
AIZ,Assurant,US Russell 1000
AGO,Assured Guaranty,US Russell 1000
T,AT&T,US Russell 1000
TEAM,Atlassian,US Russell 1000
ATO,Atmos Energy,US Russell 1000
ADSK,Autodesk,US Russell 1000
AN,AutoNation,US Russell 1000
AZO,AutoZone,US Russell 1000
AVB,AvalonBay Communities,US Russell 1000
AGR,Avangrid,US Russell 1000
AVTR,Avantor,US Russell 1000
AVY,Avery Dennison,US Russell 1000
CAR,Avis Budget Group,US Russell 1000
AVT,Avnet,US Russell 1000
AXTA,Axalta,US Russell 1000
AXS,AXIS Capital,US Russell 1000
AXON,Axon,US Russell 1000
AZEK,Azek,US Russell 1000
AZTA,Azenta,US Russell 1000
BKR,Baker Hughes,US Russell 1000
BALL,Ball,US Russell 1000
BAC,Bank of America,US Russell 1000
BOH,Bank of Hawaii,US Russell 1000
OZK,Bank OZK,US Russell 1000
BBWI,Bath & Body Works,US Russell 1000
BAX,Baxter,US Russell 1000
BDX,Becton Dickinson,US Russell 1000
BSY,Bentley,US Russell 1000
WRB,Berkley,US Russell 1000
BRK.B,Berkshire Hathaway,US Russell 1000
BERY,Berry Global,US Russell 1000
BBY,Best Buy,US Russell 1000
BILL,Bill.com,US Russell 1000
BIO,Bio-Rad,US Russell 1000
TECH,Bio-Techne,US Russell 1000
BIIB,Biogen,US Russell 1000
BMRN,BioMarin,US Russell 1000
BJ,BJ's Wholesale Club,US Russell 1000
BKI,Black Knight,US Russell 1000
BLK,BlackRock,US Russell 1000
BX,Blackstone,US Russell 1000
HRB,H&R Block,US Russell 1000
SQ,"Block, Inc.",US Russell 1000
OWL,Blue Owl Capital,US Russell 1000
BK,BNY Mellon,US Russell 1000
BA,Boeing,US Russell 1000
BOKF,BOK Financial,US Russell 1000
BKNG,Booking Holdings,US Russell 1000
BAH,Booz Allen Hamilton,US Russell 1000
BWA,BorgWarner,US Russell 1000
SAM,Boston Beer Company,US Russell 1000
BXP,Boston Properties,US Russell 1000
BSX,Boston Scientific,US Russell 1000
BYD,Boyd Gaming,US Russell 1000
BFAM,Bright Horizons Family Solutions,US Russell 1000
BHF,Brighthouse Financial,US Russell 1000
BMY,Bristol Myers Squibb,US Russell 1000
BRX,Brixmor Property Group,US Russell 1000
AVGO,Broadcom,US Russell 1000
BR,Broadridge,US Russell 1000
BEPC,Brookfield Renewable,US Russell 1000
BRO,Brown & Brown,US Russell 1000
BF.A,Brown–Forman (Class A),US Russell 1000
BF.B,Brown–Forman (Class B),US Russell 1000
BRKR,Bruker,US Russell 1000
BC,Brunswick,US Russell 1000
BLDR,Builders FirstSource,US Russell 1000
BG,Bunge,US Russell 1000
BURL,Burlington,US Russell 1000
BWXT,BWX Technologies,US Russell 1000
CHRW,C.H. Robinson,US Russell 1000
CABO,Cable One,US Russell 1000
CACI,CACI,US Russell 1000
CDNS,Cadence,US Russell 1000
CZR,Caesars Entertainment,US Russell 1000
CPT,Camden Property Trust,US Russell 1000
CPB,Campbell's,US Russell 1000
COF,Capital One,US Russell 1000
CPRI,Capri Holdings,US Russell 1000
CAH,Cardinal Health,US Russell 1000
CSL,Carlisle Companies,US Russell 1000
CG,Carlyle Group (The),US Russell 1000
KMX,CarMax,US Russell 1000
CCL,Carnival,US Russell 1000
CARR,Carrier,US Russell 1000
CRI,Carter's,US Russell 1000
CVNA,Carvana,US Russell 1000
CASY,Casey's,US Russell 1000
CTLT,Catalent,US Russell 1000
CAT,Caterpillar,US Russell 1000
CBOE,Cboe,US Russell 1000
CBRE,CBRE Group,US Russell 1000
CCCS,CCC Intelligent Solutions,US Russell 1000
CDW,CDW,US Russell 1000
CE,Celanese,US Russell 1000
CNC,Centene,US Russell 1000
CNP,Centerpoint Energy,US Russell 1000
CDAY,Ceridian,US Russell 1000
CERT,Certara,US Russell 1000
CF,CF Industries,US Russell 1000
CHPT,ChargePoint,US Russell 1000
CRL,Charles River,US Russell 1000
SCHW,Charles Schwab,US Russell 1000
CHTR,Charter Communications,US Russell 1000
CHE,Chemed Corporation,US Russell 1000
CC,Chemours,US Russell 1000
LNG,Cheniere,US Russell 1000
CHK,Chesapeake Energy,US Russell 1000
CVX,Chevron,US Russell 1000
CMG,Chipotle Mexican Grill,US Russell 1000
CHH,Choice Hotels,US Russell 1000
CB,Chubb,US Russell 1000
CHD,Church & Dwight,US Russell 1000
CHDN,Churchill Downs Inc.,US Russell 1000
CIEN,Ciena,US Russell 1000
CI,Cigna,US Russell 1000
CINF,Cincinnati Financial,US Russell 1000
CTAS,Cintas,US Russell 1000
CRUS,Cirrus Logic,US Russell 1000
CSCO,Cisco,US Russell 1000
C,Citigroup,US Russell 1000
CFG,Citizens,US Russell 1000
CLVT,Clarivate,US Russell 1000
CLH,Clean Harbors,US Russell 1000
CLF,Cleveland-Cliffs,US Russell 1000
CLX,Clorox,US Russell 1000
NET,Cloudflare,US Russell 1000
CME,CME Group,US Russell 1000
CMS,CMS Energy,US Russell 1000
CNA,CNA Financial,US Russell 1000
KO,Coca-Cola,US Russell 1000
CGNX,Cognex,US Russell 1000
CTSH,Cognizant,US Russell 1000
COHR,Coherent Corp.,US Russell 1000
COIN,Coinbase,US Russell 1000
CL,Colgate-Palmolive,US Russell 1000
COLB,Columbia Banking System,US Russell 1000
COLM,Columbia Sportswear,US Russell 1000
CMCSA,Comcast,US Russell 1000
CMA,Comerica,US Russell 1000
CBSH,Commerce Bancshares,US Russell 1000
ED,Con Edison,US Russell 1000
CAG,Conagra Brands,US Russell 1000
CNXC,Concentrix,US Russell 1000
CFLT,"Confluent, Inc.",US Russell 1000
COP,ConocoPhillips,US Russell 1000
STZ,Constellation Brands,US Russell 1000
CEG,Constellation Energy,US Russell 1000
COO,CooperCompanies,US Russell 1000
CPA,Copa Holdings,US Russell 1000
CPRT,Copart,US Russell 1000
CNM,Core & Main,US Russell 1000
GLW,Corning,US Russell 1000
CTVA,Corteva,US Russell 1000
CSGP,CoStar Group,US Russell 1000
COST,Costco,US Russell 1000
CTRA,Coterra,US Russell 1000
COTY,Coty,US Russell 1000
CUZ,Cousins Properties,US Russell 1000
CR,Crane,US Russell 1000
CXT,Crane NXT,US Russell 1000
CACC,Credit Acceptance,US Russell 1000
CRWD,CrowdStrike,US Russell 1000
CCI,Crown Castle,US Russell 1000
CCK,Crown Holdings,US Russell 1000
CSX,CSX,US Russell 1000
CUBE,CubeSmart,US Russell 1000
CMI,Cummins,US Russell 1000
CW,Curtiss-Wright,US Russell 1000
CVS,CVS Health,US Russell 1000
DHI,D.R. Horton,US Russell 1000
DHR,Danaher,US Russell 1000
DRI,Darden Restaurants,US Russell 1000
DAR,Darling Ingredients,US Russell 1000
DDOG,Datadog,US Russell 1000
DVA,DaVita,US Russell 1000
DECK,Deckers Brands,US Russell 1000
DE,John Deere,US Russell 1000
DH,Definitive Healthcare,US Russell 1000
DELL,Dell Technologies,US Russell 1000
DAL,Delta Air Lines,US Russell 1000
XRAY,Dentsply Sirona,US Russell 1000
DVN,Devon Energy,US Russell 1000
DXCM,Dexcom,US Russell 1000
FANG,Diamondback Energy,US Russell 1000
DKS,Dick's Sporting Goods,US Russell 1000
DLR,Digital Realty,US Russell 1000
DFS,Discover,US Russell 1000
DISH,Dish,US Russell 1000
DIS,Disney,US Russell 1000
DOCU,DocuSign,US Russell 1000
DLB,Dolby Laboratories,US Russell 1000
DG,Dollar General,US Russell 1000
DLTR,Dollar Tree,US Russell 1000
D,Dominion Energy,US Russell 1000
DPZ,Domino's,US Russell 1000
DCI,Donaldson,US Russell 1000
DASH,DoorDash,US Russell 1000
DV,DoubleVerify,US Russell 1000
DEI,Douglas Emmett,US Russell 1000
DOV,Dover,US Russell 1000
DOW,Dow,US Russell 1000
DOCS,Doximity,US Russell 1000
DKNG,DraftKings,US Russell 1000
DRVN,Driven Brands,US Russell 1000
DBX,Dropbox,US Russell 1000
DTM,DT Midstream,US Russell 1000
DTE,DTE,US Russell 1000
DUK,Duke Energy,US Russell 1000
DNB,Dun & Bradstreet,US Russell 1000
DD,DuPont,US Russell 1000
DXC,DXC Technology,US Russell 1000
DT,Dynatrace,US Russell 1000
EXP,Eagle Materials,US Russell 1000
EWBC,East West Bancorp,US Russell 1000
EGP,EastGroup Properties,US Russell 1000
EMN,Eastman,US Russell 1000
ETN,Eaton,US Russell 1000
EBAY,eBay,US Russell 1000
ECL,Ecolab,US Russell 1000
EIX,Edison International,US Russell 1000
EW,Edwards Lifesciences,US Russell 1000
ELAN,Elanco,US Russell 1000
ESTC,Elastic,US Russell 1000
EA,Electronic Arts,US Russell 1000
ESI,Element Solutions,US Russell 1000
ELV,Elevance Health,US Russell 1000
EMR,Emerson,US Russell 1000
EHC,Encompass Health,US Russell 1000
EHAB,Enhabit,US Russell 1000
ENOV,Enovis,US Russell 1000
ENPH,Enphase,US Russell 1000
ENTG,Entegris,US Russell 1000
ETR,Entergy,US Russell 1000
NVST,Envista,US Russell 1000
EVA,Enviva,US Russell 1000
EOG,EOG Resources,US Russell 1000
EPAM,EPAM,US Russell 1000
EPR,EPR Properties,US Russell 1000
EQT,EQT,US Russell 1000
EFX,Equifax,US Russell 1000
EQIX,Equinix,US Russell 1000
EQH,Equitable Holdings,US Russell 1000
ELS,Equity Lifestyle Properties,US Russell 1000
EQR,Equity Residential,US Russell 1000
ERIE,Erie Indemnity,US Russell 1000
ESAB,ESAB,US Russell 1000
WTRG,Essential Utilities,US Russell 1000
ESS,Essex,US Russell 1000
EL,Estée Lauder Companies,US Russell 1000
ETSY,Etsy,US Russell 1000
EEFT,Euronet Worldwide,US Russell 1000
EVR,Evercore,US Russell 1000
RE,Everest,US Russell 1000
EVRG,Evergy,US Russell 1000
ES,Eversource,US Russell 1000
EXAS,Exact Sciences,US Russell 1000
EXEL,Exelixis,US Russell 1000
EXC,Exelon,US Russell 1000
EXPE,Expedia Group,US Russell 1000
EXPD,Expeditors,US Russell 1000
EXR,Extra Space Storage,US Russell 1000
XOM,ExxonMobil,US Russell 1000
FG,F&G Annuities & Life,US Russell 1000
FFIV,F5,US Russell 1000
FDS,FactSet,US Russell 1000
FAST,Fastenal,US Russell 1000
FRT,Federal Realty Investment Trust,US Russell 1000
FDX,FedEx,US Russell 1000
FICO,FICO,US Russell 1000
FNF,Fidelity National Financial,US Russell 1000
FITB,Fifth Third Bancorp,US Russell 1000
FAF,First American,US Russell 1000
FCNCA,First Citizens BancShares,US Russell 1000
FHB,First Hawaiian Bank,US Russell 1000
FHN,First Horizon,US Russell 1000
FR,First Industrial Realty Trust,US Russell 1000
FSLR,First Solar,US Russell 1000
FE,FirstEnergy,US Russell 1000
FIS,FIS,US Russell 1000
FISV,Fiserv,US Russell 1000
FIVE,Five Below,US Russell 1000
FIVN,Five9,US Russell 1000
FLT,Fleetcor,US Russell 1000
FND,Floor & Decor,US Russell 1000
FLO,Flowers Foods,US Russell 1000
FLS,Flowserve,US Russell 1000
FMC,FMC,US Russell 1000
FNB,FNB Corporation,US Russell 1000
F,Ford,US Russell 1000
FTNT,Fortinet,US Russell 1000
FTV,Fortive,US Russell 1000
FBIN,Fortune Brands Innovations,US Russell 1000
FOXA,Fox Corporation (Class A),US Russell 1000
FOX,Fox Corporation (Class B),US Russell 1000
BEN,Franklin Templeton,US Russell 1000
FCX,Freeport-McMoRan,US Russell 1000
FRPT,Freshpet,US Russell 1000
FYBR,Frontier Communications,US Russell 1000
CFR,Frost,US Russell 1000
FCN,FTI Consulting,US Russell 1000
GME,GameStop,US Russell 1000
GLPI,Gaming and Leisure Properties,US Russell 1000
GPS,Gap,US Russell 1000
GRMN,Garmin,US Russell 1000
IT,Gartner,US Russell 1000
GTES,Gates,US Russell 1000
GE,GE,US Russell 1000
GEHC,GE HealthCare,US Russell 1000
GEN,Gen Digital,US Russell 1000
GNRC,Generac,US Russell 1000
GD,General Dynamics,US Russell 1000
GIS,General Mills,US Russell 1000
GM,General Motors,US Russell 1000
G,Genpact,US Russell 1000
GNTX,Gentex,US Russell 1000
GPC,Genuine Parts,US Russell 1000
GILD,Gilead,US Russell 1000
DNA,Ginkgo Bioworks,US Russell 1000
GPN,Global Payments,US Russell 1000
GFS,GlobalFoundries,US Russell 1000
GLOB,Globant,US Russell 1000
GL,Globe Life,US Russell 1000
GMED,Globus Medical,US Russell 1000
GDDY,GoDaddy,US Russell 1000
GS,Goldman Sachs,US Russell 1000
GGG,Graco,US Russell 1000
GWW,Grainger,US Russell 1000
LOPE,Grand Canyon Education,US Russell 1000
GPK,Graphic Packaging,US Russell 1000
GO,Grocery Outlet,US Russell 1000
GH,Guardant,US Russell 1000
GWRE,Guidewire,US Russell 1000
GXO,GXO Logistics,US Russell 1000
HAL,Halliburton,US Russell 1000
HBI,Hanesbrands,US Russell 1000
THG,Hanover Insurance,US Russell 1000
HOG,Harley-Davidson,US Russell 1000
HIG,Hartford (The),US Russell 1000
HAS,Hasbro,US Russell 1000
HE,Hawaiian Electric Industries,US Russell 1000
HAYW,Hayward,US Russell 1000
HCA,HCA Healthcare,US Russell 1000
HR,Healthcare Realty Trust,US Russell 1000
PEAK,Healthpeak,US Russell 1000
HEI.A,HEICO (Class A),US Russell 1000
HEI,HEICO (Common),US Russell 1000
JKHY,Jack Henry & Associates,US Russell 1000
HSY,Hershey's,US Russell 1000
HTZ,Hertz,US Russell 1000
HES,Hess,US Russell 1000
HPE,Hewlett Packard Enterprise,US Russell 1000
HXL,Hexcel,US Russell 1000
DINO,HF Sinclair,US Russell 1000
HIW,Highwoods Properties,US Russell 1000
HLT,Hilton,US Russell 1000
HOLX,Hologic,US Russell 1000
HD,Home Depot,US Russell 1000
HON,Honeywell,US Russell 1000
HZNP,Horizon,US Russell 1000
HRL,Hormel Foods,US Russell 1000
HST,Host Hotels & Resorts,US Russell 1000
HHC,Howard Hughes Corporation,US Russell 1000
HWM,Howmet Aerospace,US Russell 1000
HPQ,HP Inc.,US Russell 1000
HUBB,Hubbell,US Russell 1000
HUBS,HubSpot,US Russell 1000
HPP,Hudson Pacific Properties,US Russell 1000
HUM,Humana,US Russell 1000
HBAN,Huntington,US Russell 1000
HII,Huntington Ingalls Industries,US Russell 1000
HUN,Huntsman,US Russell 1000
H,Hyatt Hotels,US Russell 1000
IAC,IAC,US Russell 1000
IBM,IBM,US Russell 1000
ICUI,ICU Medical,US Russell 1000
IDA,Idacorp,US Russell 1000
IEX,IDEX,US Russell 1000
IDXX,Idexx Laboratories,US Russell 1000
ITW,Illinois Tool Works,US Russell 1000
ILMN,Illumina,US Russell 1000
INCY,Incyte,US Russell 1000
INFA,Informatica,US Russell 1000
IR,Ingersoll Rand,US Russell 1000
INGR,Ingredion,US Russell 1000
PODD,Insulet,US Russell 1000
IART,Integra Lifesciences,US Russell 1000
INTC,Intel,US Russell 1000
IBKR,Interactive Brokers,US Russell 1000
ICE,Intercontinental Exchange,US Russell 1000
IFF,International Flavors & Fragrances,US Russell 1000
IP,International Paper,US Russell 1000
INTU,Intuit,US Russell 1000
ISRG,Intuitive Surgical,US Russell 1000
IVZ,Invesco,US Russell 1000
INVH,Invitation Homes,US Russell 1000
IONS,Ionis,US Russell 1000
IPG,IPG,US Russell 1000
IPGP,IPG Photonics,US Russell 1000
IQV,IQVIA,US Russell 1000
IRM,Iron Mountain,US Russell 1000
ITT,ITT Inc.,US Russell 1000
JBL,Jabil,US Russell 1000
J,Jacobs,US Russell 1000
JAMF,Jamf,US Russell 1000
JHG,Janus Henderson,US Russell 1000
JAZZ,Jazz Pharmaceuticals,US Russell 1000
JBHT,J. B. Hunt,US Russell 1000
JBGS,JBG Smith,US Russell 1000
JEF,Jefferies,US Russell 1000
JBLU,JetBlue,US Russell 1000
JNJ,Johnson & Johnson,US Russell 1000
JCI,Johnson Controls,US Russell 1000
JLL,JLL,US Russell 1000
JPM,JPMorgan Chase,US Russell 1000
JNPR,Juniper Networks,US Russell 1000
KBR,"KBR, Inc.",US Russell 1000
K,Kellogg's,US Russell 1000
KMPR,Kemper,US Russell 1000
KDP,Keurig Dr Pepper,US Russell 1000
KEY,Keycorp,US Russell 1000
KEYS,Keysight,US Russell 1000
KRC,Kilroy Realty,US Russell 1000
KMB,Kimberly-Clark,US Russell 1000
KIM,Kimco Realty,US Russell 1000
KMI,Kinder Morgan,US Russell 1000
KEX,Kirby,US Russell 1000
KKR,KKR,US Russell 1000
KLAC,KLA,US Russell 1000
KNX,Knight-Swift,US Russell 1000
KSS,Kohl's,US Russell 1000
KHC,Kraft Heinz,US Russell 1000
KR,Kroger,US Russell 1000
KD,Kyndryl,US Russell 1000
LHX,L3Harris,US Russell 1000
LH,Labcorp,US Russell 1000
LRCX,Lam Research,US Russell 1000
LAMR,Lamar Advertising,US Russell 1000
LW,Lamb Weston,US Russell 1000
LSTR,Landstar,US Russell 1000
LVS,Las Vegas Sands,US Russell 1000
LSCC,Lattice Semiconductor,US Russell 1000
LAZ,Lazard,US Russell 1000
LEA,Lear,US Russell 1000
LEG,Leggett & Platt,US Russell 1000
LDOS,Leidos,US Russell 1000
LEN,Lennar (Class A),US Russell 1000
LEN.B,Lennar (Class B),US Russell 1000
LII,Lennox International,US Russell 1000
LESL,Leslie's,US Russell 1000
LBRDA,Liberty Broadband (Series A),US Russell 1000
LBRDK,Liberty Broadband (Series C),US Russell 1000
FWONA,Liberty Formula 1 (Series A),US Russell 1000
FWONK,Liberty Formula 1 (Series C),US Russell 1000
LSXMA,Liberty SiriusXM (Series A),US Russell 1000
LSXMK,Liberty SiriusXM (Series C),US Russell 1000
LSI,Life Storage,US Russell 1000
LLY,Lilly,US Russell 1000
LECO,Lincoln Electric,US Russell 1000
LNC,Lincoln Financial,US Russell 1000
LIN,Linde,US Russell 1000
LAD,Lithia Motors,US Russell 1000
LFUS,Littelfuse,US Russell 1000
LYV,Live Nation Entertainment,US Russell 1000
LKQ,LKQ,US Russell 1000
LMT,Lockheed Martin,US Russell 1000
L,Loews Corporation,US Russell 1000
LPX,Louisiana-Pacific,US Russell 1000
LOW,Lowe's,US Russell 1000
LPLA,LPL Financial,US Russell 1000
LCID,Lucid Motors,US Russell 1000
LULU,Lululemon,US Russell 1000
LUMN,Lumen,US Russell 1000
LITE,Lumentum,US Russell 1000
LYFT,Lyft,US Russell 1000
LYB,LyondellBasell,US Russell 1000
MTB,M&T Bank,US Russell 1000
M,Macy's,US Russell 1000
MSGS,Madison Square Garden Sports,US Russell 1000
MANH,Manhattan Associates,US Russell 1000
MAN,ManpowerGroup,US Russell 1000
MRO,Marathon Oil,US Russell 1000
MPC,Marathon Petroleum,US Russell 1000
MRVI,Maravai LifeSciences,US Russell 1000
MKL,Markel,US Russell 1000
MKTX,MarketAxess,US Russell 1000
MAR,Marriott International,US Russell 1000
VAC,Marriott Vacations Worldwide,US Russell 1000
MMC,Marsh McLennan,US Russell 1000
MLM,Martin Marietta,US Russell 1000
MRVL,Marvell,US Russell 1000
MAS,Masco,US Russell 1000
MASI,Masimo,US Russell 1000
MTZ,MasTec,US Russell 1000
MBC,MasterBrand,US Russell 1000
MA,Mastercard,US Russell 1000
MTCH,Match Group,US Russell 1000
MAT,Mattel,US Russell 1000
MKC,McCormick,US Russell 1000
MCD,McDonald's,US Russell 1000
MCK,McKesson,US Russell 1000
MDU,MDU Resources,US Russell 1000
MPW,Medical Properties Trust,US Russell 1000
MDT,Medtronic,US Russell 1000
MRK,Merck,US Russell 1000
MRCY,Mercury Systems,US Russell 1000
META,Meta,US Russell 1000
MET,Metlife,US Russell 1000
MTD,Mettler Toledo,US Russell 1000
MTG,MGIC,US Russell 1000
MGM,MGM Resorts International,US Russell 1000
MCHP,Microchip,US Russell 1000
MU,Micron,US Russell 1000
MSFT,Microsoft,US Russell 1000
MAA,Mid-America Apartments,US Russell 1000
MIDD,Middleby,US Russell 1000
MRTX,Mirati Therapeutics,US Russell 1000
MCW,Mister Car Wash,US Russell 1000
MKSI,MKS Instruments,US Russell 1000
MRNA,Moderna,US Russell 1000
MHK,Mohawk Industries,US Russell 1000
MOH,Molina Healthcare,US Russell 1000
TAP,Molson Coors,US Russell 1000
MDLZ,Mondelez International,US Russell 1000
MDB,MongoDB,US Russell 1000
MPWR,Monolithic Power Systems,US Russell 1000
MNST,Monster Beverage,US Russell 1000
MCO,Moody's,US Russell 1000
MS,Morgan Stanley,US Russell 1000
MORN,Morningstar,US Russell 1000
MOS,Mosaic,US Russell 1000
MSI,Motorola Solutions,US Russell 1000
MP,MP Materials,US Russell 1000
MSA,MSA Safety,US Russell 1000
MSM,MSC Industrial Direct,US Russell 1000
MSCI,MSCI,US Russell 1000
NDAQ,Nasdaq,US Russell 1000
NTRA,Natera,US Russell 1000
NFG,National Fuel,US Russell 1000
NATI,National Instruments,US Russell 1000
NNN,National Retail Properties,US Russell 1000
NSA,National Storage Affiliates,US Russell 1000
NCNO,nCino,US Russell 1000
NCR,NCR,US Russell 1000
NTAP,Netapp,US Russell 1000
NFLX,Netflix,US Russell 1000
NBIX,Neurocrine,US Russell 1000
NFE,New Fortress Energy,US Russell 1000
NEWR,New Relic,US Russell 1000
NYCB,New York Community Bank,US Russell 1000
NYT,New York Times Company,US Russell 1000
NWL,Newell Brands,US Russell 1000
NEU,NewMarket,US Russell 1000
NEM,Newmont,US Russell 1000
NWSA,News Corp (Class A),US Russell 1000
NWS,News Corp (Class B),US Russell 1000
NXST,Nexstar,US Russell 1000
NEE,NextEra Energy,US Russell 1000
NKE,Nike,US Russell 1000
NI,NiSource,US Russell 1000
NDSN,Nordson,US Russell 1000
JWN,Nordstrom,US Russell 1000
NSC,Norfolk Southern,US Russell 1000
NTRS,Northern Trust,US Russell 1000
NOC,Northrop Grumman,US Russell 1000
NCLH,Norwegian Cruise Line Holdings,US Russell 1000
NOV,Nov,US Russell 1000
NVAX,Novavax,US Russell 1000
NVCR,Novocure,US Russell 1000
NRG,NRG Energy,US Russell 1000
NUE,Nucor,US Russell 1000
NTNX,Nutanix,US Russell 1000
NVT,Nvent Electric,US Russell 1000
NVDA,Nvidia,US Russell 1000
NVR,NVR,US Russell 1000
OSH,Oak Street Health,US Russell 1000
ORLY,O'Reilly Auto Parts,US Russell 1000
OXY,Occidental Petroleum,US Russell 1000
OGE,OG&E,US Russell 1000
OKTA,Okta,US Russell 1000
OLPX,Olaplex,US Russell 1000
ODFL,Old Dominion,US Russell 1000
ORI,Old Republic,US Russell 1000
OLN,Olin,US Russell 1000
OLLI,Ollie's,US Russell 1000
OHI,Omega Healthcare Investors,US Russell 1000
OMC,Omnicom,US Russell 1000
ON,ON Semiconductor,US Russell 1000
OMF,OneMain Financial,US Russell 1000
OKE,Oneok,US Russell 1000
OPEN,Opendoor,US Russell 1000
ORCL,Oracle,US Russell 1000
OGN,Organon,US Russell 1000
OSK,Oshkosh,US Russell 1000
OTIS,Otis,US Russell 1000
OVV,Ovintiv,US Russell 1000
OC,Owens Corning,US Russell 1000
PCAR,Paccar,US Russell 1000
PKG,Packaging Corporation of America,US Russell 1000
PACW,Pacwest Bancorp,US Russell 1000
PLTR,Palantir,US Russell 1000
PANW,Palo Alto Networks,US Russell 1000
PARAA,Paramount (Class A),US Russell 1000
PARA,Paramount (Class B),US Russell 1000
PK,Park Hotels & Resorts,US Russell 1000
PH,Parker Hannifin,US Russell 1000
PAYX,Paychex,US Russell 1000
PAYC,Paycom,US Russell 1000
PYCR,Paycor,US Russell 1000
PCTY,Paylocity,US Russell 1000
PYPL,PayPal,US Russell 1000
PDCE,PDC Energy,US Russell 1000
PEGA,Pegasystems,US Russell 1000
PTON,Peloton,US Russell 1000
PENN,Penn Entertainment,US Russell 1000
PAG,Penske Automotive,US Russell 1000
PNR,Pentair,US Russell 1000
PEN,Penumbra,US Russell 1000
PEP,PepsiCo,US Russell 1000
PFGC,Performance Food Group,US Russell 1000
PRGO,Perrigo,US Russell 1000
WOOF,Petco,US Russell 1000
PFE,Pfizer,US Russell 1000
PCG,PG&E,US Russell 1000
PM,Philip Morris International,US Russell 1000
PSX,Phillips 66,US Russell 1000
PPC,Pilgrim's Pride,US Russell 1000
PNFP,Pinnacle Financial Partners,US Russell 1000
PNW,Pinnacle West,US Russell 1000
PINS,Pinterest,US Russell 1000
PXD,Pioneer Natural Resources,US Russell 1000
PLNT,Planet Fitness,US Russell 1000
PLTK,Playtika,US Russell 1000
PLUG,Plug Power,US Russell 1000
PNC,PNC Financial Services,US Russell 1000
PII,Polaris,US Russell 1000
POOL,Pool Corporation,US Russell 1000
BPOP,Popular,US Russell 1000
POST,Post Holdings,US Russell 1000
PPG,PPG Industries,US Russell 1000
PPL,PPL,US Russell 1000
PINC,Premier,US Russell 1000
TROW,T. Rowe Price,US Russell 1000
PRI,Primerica,US Russell 1000
PFG,Principal,US Russell 1000
PCOR,Procore,US Russell 1000
PG,Procter & Gamble,US Russell 1000
PGR,Progressive,US Russell 1000
PLD,Prologis,US Russell 1000
PB,Prosperity Bancshares,US Russell 1000
PRU,Prudential,US Russell 1000
PTC,PTC,US Russell 1000
PSA,Public Storage,US Russell 1000
PEG,PSEG,US Russell 1000
PHM,PulteGroup,US Russell 1000
PSTG,Pure Storage,US Russell 1000
PVH,PVH,US Russell 1000
QGEN,Qiagen,US Russell 1000
QRVO,Qorvo,US Russell 1000
QCOM,Qualcomm,US Russell 1000
PWR,Quanta,US Russell 1000
QS,QuantumScape,US Russell 1000
DGX,Quest Diagnostics,US Russell 1000
QDEL,QuidelOrtho,US Russell 1000
RL,Ralph Lauren,US Russell 1000
RRC,Range Resources,US Russell 1000
RJF,Raymond James,US Russell 1000
RYN,Rayonier,US Russell 1000
RTX,Raytheon Technologies,US Russell 1000
O,Realty Income,US Russell 1000
RRX,Regal Rexnord,US Russell 1000
REG,Regency Centers,US Russell 1000
REGN,Regeneron,US Russell 1000
RF,Regions,US Russell 1000
RGA,Reinsurance Group of America,US Russell 1000
RS,Reliance Steel,US Russell 1000
RNR,RenaissanceRe,US Russell 1000
RGEN,Repligen,US Russell 1000
RSG,Republic Services,US Russell 1000
RMD,Resmed,US Russell 1000
RVTY,Revvity,US Russell 1000
REXR,Rexford Industrial,US Russell 1000
REYN,Reynolds Consumer Products,US Russell 1000
RH,RH,US Russell 1000
RNG,RingCentral,US Russell 1000
RBA,Ritchie Bros. Auctioneers,US Russell 1000
RITM,Rithm Capital,US Russell 1000
RIVN,Rivian,US Russell 1000
RHI,Robert Half,US Russell 1000
HOOD,Robinhood,US Russell 1000
RBLX,Roblox,US Russell 1000
RKT,Rocket Companies,US Russell 1000
ROK,Rockwell Automation,US Russell 1000
ROKU,Roku,US Russell 1000
ROL,Rollins,US Russell 1000
ROP,Roper,US Russell 1000
ROST,Ross,US Russell 1000
RCL,Royal Caribbean Cruises,US Russell 1000
RGLD,Royal Gold,US Russell 1000
RPRX,Royalty Pharma,US Russell 1000
RPM,RPM International,US Russell 1000
RXO,RXO,US Russell 1000
RYAN,Ryan Specialty,US Russell 1000
R,Ryder,US Russell 1000
SPGI,S&P Global,US Russell 1000
SAIC,SAIC,US Russell 1000
CRM,Salesforce,US Russell 1000
SLM,Sallie Mae,US Russell 1000
SRPT,Sarepta Therapeutics,US Russell 1000
SBAC,SBA Communications,US Russell 1000
HSIC,Henry Schein,US Russell 1000
SLB,Schlumberger,US Russell 1000
SNDR,Schneider National,US Russell 1000
SMG,Scotts Miracle-Gro Company,US Russell 1000
SEB,Seaboard,US Russell 1000
SGEN,Seagen,US Russell 1000
SEE,Sealed Air,US Russell 1000
SEIC,SEI Investments Company,US Russell 1000
SRE,Sempra,US Russell 1000
ST,Sensata Technologies,US Russell 1000
S,SentinelOne,US Russell 1000
SCI,Service Corporation International,US Russell 1000
NOW,ServiceNow,US Russell 1000
SHW,Sherwin-Williams,US Russell 1000
FOUR,Shift4,US Russell 1000
SLGN,Silgan Holdings,US Russell 1000
SPG,Simon,US Russell 1000
SIRI,Sirius XM,US Russell 1000
SITE,SiteOne Landscape Supply,US Russell 1000
SIX,Six Flags,US Russell 1000
SKX,Skechers,US Russell 1000
SWKS,Skyworks,US Russell 1000
SLG,SL Green Realty,US Russell 1000
SMAR,Smartsheet,US Russell 1000
AOS,A. O. Smith,US Russell 1000
SJM,Smucker,US Russell 1000
SNA,Snap-on,US Russell 1000
SNOW,Snowflake,US Russell 1000
SOFI,SoFi,US Russell 1000
SON,Sonoco,US Russell 1000
SHC,Sotera Health,US Russell 1000
SO,Southern Company,US Russell 1000
SCCO,Southern Copper,US Russell 1000
LUV,Southwest Airlines,US Russell 1000
SWN,Southwestern Energy,US Russell 1000
SPB,Spectrum Brands,US Russell 1000
SPR,Spirit Aerosystems,US Russell 1000
SRC,Spirit Realty Capital,US Russell 1000
SPLK,Splunk,US Russell 1000
SPOT,Spotify,US Russell 1000
SSNC,SS&C Technologies,US Russell 1000
SSRM,SSR Mining,US Russell 1000
SWK,Stanley Black & Decker,US Russell 1000
SBUX,Starbucks,US Russell 1000
STWD,Starwood Property Trust,US Russell 1000
STT,State Street,US Russell 1000
STLD,Steel Dynamics,US Russell 1000
SRCL,Stericycle,US Russell 1000
STE,Steris,US Russell 1000
SF,Stifel,US Russell 1000
SYK,Stryker,US Russell 1000
SUI,Sun Communities,US Russell 1000
RUN,Sunrun,US Russell 1000
SYF,Synchrony,US Russell 1000
SYNH,Syneos Health,US Russell 1000
SNPS,Synopsys,US Russell 1000
SNV,Synovus,US Russell 1000
SYY,Sysco,US Russell 1000
TMUS,T-Mobile,US Russell 1000
TTWO,Take-Two Interactive,US Russell 1000
TNDM,Tandem Diabetes Care,US Russell 1000
TPR,Tapestry,US Russell 1000
TRGP,Targa Resources,US Russell 1000
TGT,Target,US Russell 1000
SNX,TD Synnex,US Russell 1000
TDOC,Teladoc Health,US Russell 1000
TDY,Teledyne,US Russell 1000
TFX,Teleflex,US Russell 1000
TPX,Tempur Sealy International,US Russell 1000
THC,Tenet Health,US Russell 1000
TDC,Teradata,US Russell 1000
TER,Teradyne,US Russell 1000
TSLA,Tesla,US Russell 1000
TTEK,Tetra Tech,US Russell 1000
TXN,Texas Instruments,US Russell 1000
TPL,Texas Pacific Land,US Russell 1000
TXT,Textron,US Russell 1000
TMO,Thermo Fisher Scientific,US Russell 1000
TFSL,Third Federal S&L,US Russell 1000
THO,Thor Industries,US Russell 1000
TWKS,Thoughtworks,US Russell 1000
TKR,Timken,US Russell 1000
TJX,TJX Companies,US Russell 1000
TOST,Toast,US Russell 1000
TOL,Toll Brothers,US Russell 1000
BLD,TopBuild,US Russell 1000
TTC,Toro,US Russell 1000
TSCO,Tractor Supply,US Russell 1000
TTD,Trade Desk (The),US Russell 1000
TW,Tradeweb,US Russell 1000
TT,Trane Technologies,US Russell 1000
TDG,Transdigm,US Russell 1000
TRU,TransUnion,US Russell 1000
TNL,Travel + Leisure,US Russell 1000
TRV,Travelers,US Russell 1000
TREX,Trex,US Russell 1000
TRMB,Trimble,US Russell 1000
TRIP,Tripadvisor,US Russell 1000
TFC,Truist,US Russell 1000
TWLO,Twilio,US Russell 1000
TYL,Tyler Technologies,US Russell 1000
TSN,Tyson,US Russell 1000
UHAL,U-Haul,US Russell 1000
UHAL.B,U-Haul (Series N),US Russell 1000
X,U.S. Steel,US Russell 1000
UBER,Uber,US Russell 1000
UI,Ubiquiti,US Russell 1000
UDR,UDR,US Russell 1000
UGI,UGI Corporation,US Russell 1000
PATH,UiPath,US Russell 1000
ULTA,Ulta Beauty,US Russell 1000
RARE,Ultragenyx,US Russell 1000
UAA,Under Armour (Class A),US Russell 1000
UA,Under Armour (Class C),US Russell 1000
UNP,Union Pacific,US Russell 1000
UAL,United Airlines,US Russell 1000
UPS,United Parcel Service,US Russell 1000
URI,United Rentals,US Russell 1000
UTHR,United Therapeutics,US Russell 1000
UWMC,United Wholesale Mortgage,US Russell 1000
UNH,UnitedHealth Group,US Russell 1000
U,Unity,US Russell 1000
UNVR,Univar Solutions,US Russell 1000
OLED,Universal Display,US Russell 1000
UHS,Universal Health Services,US Russell 1000
UNM,Unum,US Russell 1000
UPST,Upstart,US Russell 1000
USB,US Bancorp,US Russell 1000
USFD,US Foods,US Russell 1000
MTN,Vail Resorts,US Russell 1000
VLO,Valero,US Russell 1000
VMI,Valmont Industries,US Russell 1000
VVV,Valvoline,US Russell 1000
VEEV,Veeva Systems,US Russell 1000
VTR,Ventas,US Russell 1000
VRSN,Verisign,US Russell 1000
VRSK,Verisk,US Russell 1000
VZ,Verizon,US Russell 1000
VRTX,Vertex,US Russell 1000
VRT,Vertiv,US Russell 1000
VFC,VF Corporation,US Russell 1000
VSAT,Viasat,US Russell 1000
VTRS,Viatris,US Russell 1000
VICI,Vici Properties,US Russell 1000
VSCO,Victoria's Secret,US Russell 1000
VIRT,Virtu Financial,US Russell 1000
V,Visa,US Russell 1000
VST,Vistra Corp.,US Russell 1000
VTS,Vitesse Energy,US Russell 1000
VMW,VMware,US Russell 1000
VNT,Vontier,US Russell 1000
VNO,Vornado Realty Trust,US Russell 1000
VOYA,Voya Financial,US Russell 1000
VMC,Vulcan Materials,US Russell 1000
WPC,W. P. Carey,US Russell 1000
WAB,Wabtec,US Russell 1000
WBA,Walgreens Boots Alliance,US Russell 1000
WMT,Walmart,US Russell 1000
WBD,Warner Bros. Discovery,US Russell 1000
WM,Waste Management,US Russell 1000
WAT,Waters,US Russell 1000
WSO,Watsco,US Russell 1000
W,Wayfair,US Russell 1000
WBS,Webster Bank,US Russell 1000
WEC,WEC Energy Group,US Russell 1000
WFC,Wells Fargo,US Russell 1000
WELL,Welltower,US Russell 1000
WEN,Wendy's Company (The),US Russell 1000
WCC,Wesco,US Russell 1000
WST,West Pharmaceutical Services,US Russell 1000
WAL,Western Alliance Bancorp,US Russell 1000
WDC,Western Digital,US Russell 1000
WU,Western Union,US Russell 1000
WLK,Westlake,US Russell 1000
WRK,Westrock,US Russell 1000
WE,WeWork,US Russell 1000
WEX,Wex,US Russell 1000
WY,Weyerhaeuser,US Russell 1000
WHR,Whirlpool,US Russell 1000
WTM,White Mountains,US Russell 1000
WMB,Williams,US Russell 1000
WSM,Williams-Sonoma,US Russell 1000
WTW,Willis Towers Watson,US Russell 1000
WSC,WillScot Mobile Mini,US Russell 1000
WTFC,Wintrust Financial,US Russell 1000
WIX,Wix,US Russell 1000
WOLF,Wolfspeed,US Russell 1000
WWD,Woodward,US Russell 1000
WDAY,Workday,US Russell 1000
WWE,WWE,US Russell 1000
WH,Wyndham Hotels & Resorts,US Russell 1000
WYNN,Wynn Resorts,US Russell 1000
XEL,Xcel Energy,US Russell 1000
XPO,XPO Logistics,US Russell 1000
XYL,Xylem,US Russell 1000
YETI,Yeti,US Russell 1000
YUM,Yum! Brands,US Russell 1000
ZBRA,Zebra,US Russell 1000
ZG,Zillow (Class A),US Russell 1000
Z,Zillow (Class C),US Russell 1000
ZBH,Zimmer Biomet,US Russell 1000
ZION,Zions Bancorporation,US Russell 1000
ZTS,Zoetis,US Russell 1000
ZM,Zoom,US Russell 1000
ZI,ZoomInfo,US Russell 1000
ZS,Zscaler,US Russell 1000
600000.SS,Shanghai Pudong Development Bank,Chinese SSE 50
600028.SS,China Petroleum & Chemical Corporation,Chinese SSE 50
600030.SS,CITIC Securities,Chinese SSE 50
600031.SS,Sany Heavy Industries,Chinese SSE 50
600036.SS,China Merchants Bank,Chinese SSE 50
600048.SS,Poly Real Estate,Chinese SSE 50
600104.SS,SAIC Motor,Chinese SSE 50
600111.SS,China Northern Rare Earth,Chinese SSE 50
600196.SS,Shanghai Fosun Pharmaceutical,Chinese SSE 50
600276.SS,Jiangsu Hengrui Pharmaceuticals,Chinese SSE 50
600309.SS,Wanhua Chemical Group,Chinese SSE 50
600346.SS,Hengli Group,Chinese SSE 50
600436.SS,Zhangzhou Pientzehuang Pharmaceutical,Chinese SSE 50
600438.SS,Tongwei Company,Chinese SSE 50
600519.SS,Kweichow Moutai,Chinese SSE 50
600570.SS,Hundsun Technologies,Chinese SSE 50
600585.SS,Anhui Conch Cement,Chinese SSE 50
600588.SS,Yonyou Network Technology,Chinese SSE 50
600690.SS,Haier Smart Home,Chinese SSE 50
600745.SS,Wingtech,Chinese SSE 50
600809.SS,Shanxi Xinghuacun Fen Wine Factory,Chinese SSE 50
600837.SS,Haitong Securities,Chinese SSE 50
600887.SS,Yili Group,Chinese SSE 50
600893.SS,AECC Aviation Power,Chinese SSE 50
600900.SS,China Yangtze Power,Chinese SSE 50
600905.SS,China Three Gorges Renewables,Chinese SSE 50
601012.SS,LONGi Green Energy Technology,Chinese SSE 50
601066.SS,CSC Financial,Chinese SSE 50
601088.SS,China Shenhua Energy,Chinese SSE 50
601138.SS,Foxconn Industrial Internet [zh],Chinese SSE 50
601166.SS,Industrial Bank,Chinese SSE 50
601211.SS,Guotai Junan Securities,Chinese SSE 50
601288.SS,Agricultural Bank of China,Chinese SSE 50
601318.SS,Ping An Insurance,Chinese SSE 50
601336.SS,New China Life Insurance,Chinese SSE 50
601398.SS,Industrial and Commercial Bank of China,Chinese SSE 50
601601.SS,China Pacific Insurance,Chinese SSE 50
601628.SS,China Life Insurance,Chinese SSE 50
601633.SS,Great Wall Motor Company,Chinese SSE 50
601668.SS,China State Construction Engineering,Chinese SSE 50
601688.SS,Huatai Securities,Chinese SSE 50
601728.SS,China Telecom,Chinese SSE 50
601857.SS,PetroChina,Chinese SSE 50
601888.SS,China Tourism Group Duty Free Corporation,Chinese SSE 50
601899.SS,Zijin Mining Group,Chinese SSE 50
601919.SS,Cosco Shipping,Chinese SSE 50
601995.SS,China International Capital Corporation,Chinese SSE 50
603259.SS,WuXi AppTec,Chinese SSE 50
603288.SS,Foshan Haitian Flavouring & Food Co,Chinese SSE 50
603501.SS,Will Semiconductor,Chinese SSE 50
603799.SS,Zhejiang Huayou Cobalt,Chinese SSE 50
603986.SS,GigaDevice,Chinese SSE 50
601318.SS,Ping An Insurance,Chinese CSI 300
600016.SS,China Minsheng Bank,Chinese CSI 300
601166.SS,Industrial Bank,Chinese CSI 300
600036.SS,China Merchants Bank,Chinese CSI 300
601328.SS,Bank of Communications,Chinese CSI 300
600519.SS,Kweichow Moutai,Chinese CSI 300
600000.SS,Shanghai Pudong Development Bank,Chinese CSI 300
000002.SZ,China Vanke,Chinese CSI 300
600030.SS,CITIC Securities,Chinese CSI 300
600837.SS,Haitong Securities Company,Chinese CSI 300
601288.SS,Agricultural Bank of China,Chinese CSI 300
600887.SS,Inner Mongolia Yili Industrial Group,Chinese CSI 300
601398.SS,Industrial and Commercial Bank of China,Chinese CSI 300
601169.SS,Bank of Beijing,Chinese CSI 300
000333.SZ,Midea Group,Chinese CSI 300
600900.SS,China Yangtze Power,Chinese CSI 300
601668.SS,China State Construction Engineering,Chinese CSI 300
000651.SZ,Gree Electric Appliances,Chinese CSI 300
601601.SS,China Pacific Insurance,Chinese CSI 300
601766.SS,CRRC Corporation,Chinese CSI 300
600104.SS,SAIC Motor,Chinese CSI 300
601988.SS,Bank of China,Chinese CSI 300
000858.SZ,Wuliangye Yibin,Chinese CSI 300
000001.SZ,Ping An Bank,Chinese CSI 300
600048.SS,Poly Real Estate Group,Chinese CSI 300
601818.SS,China Everbright Bank,Chinese CSI 300
600276.SS,Jiangsu Hengrui Medicine,Chinese CSI 300
601688.SS,Huatai Securities,Chinese CSI 300
601989.SS,China Shipbuilding Industry,Chinese CSI 300
000725.SZ,BOE Technology Group,Chinese CSI 300
600015.SS,Hua Xia Bank,Chinese CSI 300
600028.SS,China Petroleum & Chemical Corporation,Chinese CSI 300
600518.SS,Kangmei Pharmaceutical,Chinese CSI 300
000776.SZ,GF Securities,Chinese CSI 300
600999.SS,China Merchants Securities,Chinese CSI 300
002415.SZ,Hangzhou Hikvision Digital Technology,Chinese CSI 300
002450.SZ,Kangde Xin Composite Material Group,Chinese CSI 300
300104.SZ,Leshi Internet Information & Technology,Chinese CSI 300
600958.SS,Orient Securities,Chinese CSI 300
002304.SZ,Jiangsu Yanghe Brewery Joint-Stock,Chinese CSI 300
300059.SZ,East Money Information,Chinese CSI 300
002736.SZ,Guosen Securities,Chinese CSI 300
601939.SS,China Construction Bank,Chinese CSI 300
002024.SZ,Suning Commerce Group,Chinese CSI 300
601009.SS,Bank of Nanjing,Chinese CSI 300
601390.SS,China Railway [Engineering],Chinese CSI 300
000166.SZ,Shenwan Hongyuan,Chinese CSI 300
000625.SZ,Chongqing Changan Automobile,Chinese CSI 300
601006.SS,Daqin Railway,Chinese CSI 300
000538.SZ,Yunnan Baiyao Group,Chinese CSI 300
601377.SS,Industrial Securities,Chinese CSI 300
001979.SZ,China Merchants Shekou Industrial Zone Holdings,Chinese CSI 300
600050.SS,China United Network Communications,Chinese CSI 300
600795.SS,GD Power Development,Chinese CSI 300
601857.SS,PetroChina,Chinese CSI 300
000783.SZ,Changjiang Securities Company,Chinese CSI 300
300017.SZ,Wangsu Science and Technology,Chinese CSI 300
601628.SS,China Life Insurance Company,Chinese CSI 300
000063.SZ,ZTE,Chinese CSI 300
002673.SZ,Western Securities,Chinese CSI 300
002739.SZ,Wanda Cinemas,Chinese CSI 300
601336.SS,New China Life Insurance,Chinese CSI 300
601899.SS,Zijin Mining Group,Chinese CSI 300
600547.SS,Shandong Gold-Mining,Chinese CSI 300
600690.SS,Qingdao Haier,Chinese CSI 300
002594.SZ,BYD,Chinese CSI 300
600585.SS,Anhui Conch Cement,Chinese CSI 300
600011.SS,Huaneng Power International,Chinese CSI 300
601985.SS,China National Nuclear Power,Chinese CSI 300
000423.SZ,Shandong Dong-E e-Jiao,Chinese CSI 300
002142.SZ,Bank of Ningbo,Chinese CSI 300
600066.SS,Zhengzhou Yutong Bus,Chinese CSI 300
600637.SS,Shanghai Oriental Pearl Media,Chinese CSI 300
601186.SS,China Railway Construction,Chinese CSI 300
000503.SZ,Searainbow Holding,Chinese CSI 300
600029.SS,China Southern Airlines,Chinese CSI 300
601088.SS,China Shenhua Energy,Chinese CSI 300
601901.SS,Founder Securities,Chinese CSI 300
600111.SS,China Northern Rare Earth Group,Chinese CSI 300
601555.SS,Soochow Securities,Chinese CSI 300
300070.SZ,Beijing Originwater Technology,Chinese CSI 300
600010.SS,Inner Mongolia Baotou Steel Union,Chinese CSI 300
600100.SS,Tsinghua Tongfang,Chinese CSI 300
600570.SS,Hundsun Technologies,Chinese CSI 300
600893.SS,AVIC Aviation Engine Corporation,Chinese CSI 300
601099.SS,Pacific Securities,Chinese CSI 300
600009.SS,Shanghai International Airport,Chinese CSI 300
600115.SS,China Eastern Airlines Corp,Chinese CSI 300
601211.SS,Guotai Junan Securities,Chinese CSI 300
002230.SZ,Iflytek,Chinese CSI 300
300024.SZ,Siasun Robot & Automation,Chinese CSI 300
600271.SS,Aisino,Chinese CSI 300
600535.SS,Tasly Pharmaceutical Group,Chinese CSI 300
600705.SS,AVIC Capital,Chinese CSI 300
000100.SZ,TCL Corporation,Chinese CSI 300
600489.SS,Zhongjin Gold,Chinese CSI 300
600703.SS,Sanan Optoelectronics,Chinese CSI 300
000895.SZ,Henan Shuanghui Investment & Development,Chinese CSI 300
002202.SZ,Xinjiang Goldwind Science & Technology,Chinese CSI 300
300027.SZ,Huayi Brothers Media,Chinese CSI 300
600019.SS,Baoshan Iron and Steel,Chinese CSI 300
600196.SS,Fosun Pharmaceutical,Chinese CSI 300
600886.SS,SDIC Power Holdings,Chinese CSI 300
601669.SS,Power Construction Corporation of China,Chinese CSI 300
000768.SZ,AVIC Aircraft,Chinese CSI 300
000839.SZ,CITIC Guoan Information Industry,Chinese CSI 300
002241.SZ,GoerTek,Chinese CSI 300
600089.SS,TBEA,Chinese CSI 300
600109.SS,Sinolink Securities,Chinese CSI 300
601607.SS,Shanghai Pharmaceuticals Holding,Chinese CSI 300
601727.SS,Shanghai Electric Group,Chinese CSI 300
000069.SZ,Shenzhen Overseas Chinese Town Company,Chinese CSI 300
000568.SZ,Luzhou Lao Jiao,Chinese CSI 300
002456.SZ,Shenzhen O-film Tech,Chinese CSI 300
600177.SS,Youngor Group,Chinese CSI 300
600340.SS,China Fortune Land Development,Chinese CSI 300
600660.SS,Fuyao Glass Industry Group,Chinese CSI 300
600804.SS,Dr. Peng Telecom&Media,Chinese CSI 300
601198.SS,Dongxing Securities,Chinese CSI 300
601888.SS,China International Travel Service,Chinese CSI 300
000009.SZ,China Baoan Group,Chinese CSI 300
000413.SZ,Dongxu Optoelectronic Technology,Chinese CSI 300
000728.SZ,Guoyuan Securities Company,Chinese CSI 300
002236.SZ,Zhejiang Dahua Technology,Chinese CSI 300
600023.SS,Zhejiang Zheneng Electric Power,Chinese CSI 300
600352.SS,Zhejiang Longsheng Group,Chinese CSI 300
600383.SS,Gemdale Corporation,Chinese CSI 300
600406.SS,NARI Technology,Chinese CSI 300
600649.SS,Shanghai Chengtou Holding,Chinese CSI 300
600867.SS,Tonghua Dongbao Pharmaceutical,Chinese CSI 300
601111.SS,Air China,Chinese CSI 300
000338.SZ,Weichai Power,Chinese CSI 300
002252.SZ,Shanghai RAAS Blood Products,Chinese CSI 300
600369.SS,Southwest Securities,Chinese CSI 300
600674.SS,Sichuan Chuantou Energy,Chinese CSI 300
600741.SS,HUAYU Automotive Systems Company,Chinese CSI 300
601600.SS,Aluminum Corporation of China Limited,Chinese CSI 300
000793.SZ,Huawen Media Investment,Chinese CSI 300
300315.SZ,Ourpalm,Chinese CSI 300
600031.SS,Sany Heavy Industry,Chinese CSI 300
600221.SS,Hainan Airlines,Chinese CSI 300
600309.SS,Wanhua Chemical Group,Chinese CSI 300
600485.SS,Beijing Xinwei Telecom Technology Group,Chinese CSI 300
601788.SS,Everbright Securities,Chinese CSI 300
601919.SS,China Cosco Holdings,Chinese CSI 300
000917.SZ,Hunan TV & Broadcast Intermediary,Chinese CSI 300
002008.SZ,Han's Laser Technology Industry Group,Chinese CSI 300
002465.SZ,Guangzhou Haige Communications Group,Chinese CSI 300
600068.SS,China Gezhouba Group,Chinese CSI 300
600118.SS,China Spacesat,Chinese CSI 300
600153.SS,Xiamen C&D,Chinese CSI 300
600739.SS,Liaoning Cheng Da,Chinese CSI 300
601018.SS,Ningbo Port,Chinese CSI 300
601933.SS,Yonghui Superstores,Chinese CSI 300
000157.SZ,Zoomlion Heavy Industry Science & Technology,Chinese CSI 300
000540.SZ,Zhongtian Urban Development Group,Chinese CSI 300
000623.SZ,Jilin Aodong Pharmaceutical Group,Chinese CSI 300
600061.SS,SDIC Essence,Chinese CSI 300
601618.SS,Metallurgical Corporation of China,Chinese CSI 300
601998.SS,China Citic Bank,Chinese CSI 300
000630.SZ,Tongling Nonferrous Metals Group,Chinese CSI 300
000686.SZ,Northeast Securities,Chinese CSI 300
000876.SZ,New Hope Liuhe,Chinese CSI 300
002007.SZ,Hualan Biological Engineering,Chinese CSI 300
002475.SZ,Luxshare Precision Industry,Chinese CSI 300
300124.SZ,Shenzhen Inovance Technology,Chinese CSI 300
600018.SS,Shanghai International Port Group,Chinese CSI 300
600085.SS,Beijing Tongrentang,Chinese CSI 300
600415.SS,Zhejiang China Commodities City Group,Chinese CSI 300
600718.SS,Neusoft Corporation,Chinese CSI 300
000060.SZ,Shenzhen Zhongjin Lingnan Nonfemet,Chinese CSI 300
000559.SZ,Wanxiang Qianchao,Chinese CSI 300
000963.SZ,Huadong Medicine,Chinese CSI 300
002385.SZ,Beijing Dabeinong Technology Group,Chinese CSI 300
300003.SZ,Lepu Medical Technology,Chinese CSI 300
300168.SZ,Wonders Information,Chinese CSI 300
600583.SS,Offshore Oil Engineering,Chinese CSI 300
600588.SS,Yonyou Network Technology,Chinese CSI 300
600663.SS,Shanghai Lujiazui Finance and Trade Zone Development,Chinese CSI 300
600816.SS,Anxin Trust,Chinese CSI 300
600839.SS,Sichuan Changhong Electric,Chinese CSI 300
601800.SS,China Communications Construction Company,Chinese CSI 300
000046.SZ,Oceanwide Holdings,Chinese CSI 300
000402.SZ,Financial Street Holding,Chinese CSI 300
000826.SZ,Tus-Sound Environmental Resources,Chinese CSI 300
002065.SZ,DHC Software,Chinese CSI 300
002081.SZ,Suzhou Gold Mantis Construction Decoration,Chinese CSI 300
002183.SZ,Eternal Asia Supply Chain Management,Chinese CSI 300
002292.SZ,Alpha Group,Chinese CSI 300
002500.SZ,Shanxi Securities,Chinese CSI 300
600150.SS,China CSSC Holdings,Chinese CSI 300
600398.SS,Heilan Home,Chinese CSI 300
600446.SS,Shenzhen Kingdom Technology,Chinese CSI 300
603993.SS,China Molybdenum,Chinese CSI 300
000750.SZ,Sealand Securities,Chinese CSI 300
000792.SZ,Qinghai Salt Lake Industry,Chinese CSI 300
300015.SZ,Aier Eye Hospital Group,Chinese CSI 300
600074.SS,Jiangsu Protruly Vision Technology Group,Chinese CSI 300
600157.SS,Wintime Energy,Chinese CSI 300
600208.SS,Xinhu Zhongbao,Chinese CSI 300
600820.SS,Shanghai Tunnel Engineering,Chinese CSI 300
000977.SZ,Inspur Electronic Information Industry,Chinese CSI 300
002470.SZ,Kingenta Ecological Engineering Group,Chinese CSI 300
300058.SZ,BlueFocus Communication Group,Chinese CSI 300
300144.SZ,Songcheng Performance Development,Chinese CSI 300
600060.SS,Hisense Electric,Chinese CSI 300
600256.SS,Guanghui Energy,Chinese CSI 300
600332.SS,Guangzhou Baiyunshan Pharmaceutical Holdings,Chinese CSI 300
600642.SS,Shenergy Company,Chinese CSI 300
600895.SS,Shanghai Zhangjiang Hi-tech Park Development,Chinese CSI 300
601106.SS,China First Heavy Industries,Chinese CSI 300
601333.SS,Guangshen Railway,Chinese CSI 300
000415.SZ,Bohai Financial Investment Holding,Chinese CSI 300
000425.SZ,XCMG Construction Machinery,Chinese CSI 300
002422.SZ,Sichuan Kelun Pharmaceutical,Chinese CSI 300
600027.SS,Huadian Power International Corporation,Chinese CSI 300
600688.SS,Sinopec Shanghai Petrochemical,Chinese CSI 300
601098.SS,China South Publishing & Media Group,Chinese CSI 300
601633.SS,Great Wall Motor,Chinese CSI 300
601718.SS,Jihua Group,Chinese CSI 300
601866.SS,China Shipping Container Lines,Chinese CSI 300
000709.SZ,Hesteel Company,Chinese CSI 300
000738.SZ,AVIC Aero-Engine Controls,Chinese CSI 300
002152.SZ,GRG Banking Equipment,Chinese CSI 300
300002.SZ,Beijing Ultrapower Software,Chinese CSI 300
600170.SS,Shanghai Construction,Chinese CSI 300
600252.SS,Guangxi Wuzhou Zhongheng Group,Chinese CSI 300
600362.SS,Jiangxi Copper,Chinese CSI 300
600373.SS,Chinese Universe Publishing And Media,Chinese CSI 300
600737.SS,Cofco Tunhe,Chinese CSI 300
600873.SS,Meihua Holdings Group,Chinese CSI 300
600875.SS,Dongfang Electric Corporation,Chinese CSI 300
601021.SS,Spring Airlines,Chinese CSI 300
601258.SS,Pangda Automobile Trade,Chinese CSI 300
601991.SS,Datang International Power Generation,Chinese CSI 300
002129.SZ,Tianjin Zhonghuan Semiconductor,Chinese CSI 300
600037.SS,Beijing Gehua CATV Network,Chinese CSI 300
600376.SS,Beijing Capital Development,Chinese CSI 300
601117.SS,China National Chemical Engineering,Chinese CSI 300
601225.SS,Shaanxi Coal Industry Company,Chinese CSI 300
601872.SS,China Merchants Energy Shipping,Chinese CSI 300
603000.SS,People.cn,Chinese CSI 300
000039.SZ,China International Marine Containers,Chinese CSI 300
000061.SZ,Shenzhen Agricultural Products,Chinese CSI 300
000729.SZ,Beijing Yanjing Brewery,Chinese CSI 300
000778.SZ,Xinxing Ductile Iron Pipes,Chinese CSI 300
000999.SZ,China Resources Sanjiu Medical & Pharmaceutical,Chinese CSI 300
300133.SZ,Zhejiang Huace Film & TV,Chinese CSI 300
600372.SS,China Avionics Systems,Chinese CSI 300
600704.SS,Zhejiang Material Industrial Zhongda Yuantong Group,Chinese CSI 300
601179.SS,China XD Electric,Chinese CSI 300
601898.SS,China Coal Energy,Chinese CSI 300
601992.SS,BBMG Corporation,Chinese CSI 300
000883.SZ,Hubei Energy Group,Chinese CSI 300
002027.SZ,Focus Media Information Technology,Chinese CSI 300
002146.SZ,Risesun Real Estate Development,Chinese CSI 300
300146.SZ,BY-HEALTH,Chinese CSI 300
300251.SZ,Beijing Enlight Media,Chinese CSI 300
600008.SS,Beijing Capital,Chinese CSI 300
600021.SS,Shanghai Electric Power,Chinese CSI 300
600038.SS,AVIC Helicopter,Chinese CSI 300
600827.SS,Shanghai Bailian Group,Chinese CSI 300
601216.SS,Inner Mongolia Junzheng Energy & Chemical Group,Chinese CSI 300
000712.SZ,Guangdong Golden Dragon Development,Chinese CSI 300
000800.SZ,FAW Car,Chinese CSI 300
002195.SZ,Shanghai 2345 Network Holding Group,Chinese CSI 300
002294.SZ,Shenzhen Salubris Pharmaceuticals,Chinese CSI 300
600863.SS,Inner Mongolia Mengdian Huaneng Thermal Power Corp,Chinese CSI 300
000027.SZ,Shenzhen Energy Group,Chinese CSI 300
000156.SZ,Wasu Media Holding,Chinese CSI 300
000825.SZ,Taigang Stainless Steel,Chinese CSI 300
000898.SZ,Angang Steel Company,Chinese CSI 300
002153.SZ,Beijing Shiji Information Technology,Chinese CSI 300
002424.SZ,Guizhou Bailing Group Pharmaceutical,Chinese CSI 300
300085.SZ,Shenzhen Infogem Technologies,Chinese CSI 300
600582.SS,Tiandi Science & Technology,Chinese CSI 300
600600.SS,Tsingtao Brewery,Chinese CSI 300
600666.SS,Aurora Optoelectronics,Chinese CSI 300
600959.SS,Jiangsu Broadcasting Cable Information Network Corporation,Chinese CSI 300
601928.SS,Jiangsu Phoenix Publishing & Media,Chinese CSI 300
601958.SS,Jinduicheng Molybdenum,Chinese CSI 300
600317.SS,Yingkou Port Liability,Chinese CSI 300
600648.SS,Shanghai Waigaoqiao Free Trade Zone,Chinese CSI 300
600685.SS,COMEC (CSS Offshore & Marine Engineering),Chinese CSI 300
600871.SS,Sinopec Oilfield Service Corporation,Chinese CSI 300
600998.SS,Jointown Pharmaceutical Group,Chinese CSI 300
601118.SS,China Hainan Rubber Industry Group,Chinese CSI 300
601608.SS,CITIC-Heavy Industries,Chinese CSI 300
601808.SS,China Oilfield Services,Chinese CSI 300
002399.SZ,Shenzhen Hepalink Pharmaceutical,Chinese CSI 300
600098.SS,Guangzhou Development Group Incorporated,Chinese CSI 300
600578.SS,Beijing Jingneng Power,Chinese CSI 300
600783.SS,Luxin Venture Capital Group,Chinese CSI 300
002568.SZ,Bairun,Chinese CSI 300
600022.SS,Shandong Iron and Steel Company,Chinese CSI 300
600188.SS,Yanzhou Coal Mining,Chinese CSI 300
603885.SS,Juneyao Airlines,Chinese CSI 300
600606.SS,China Development Holdings,Chinese CSI 300
601016.SS,CECEP Wind-Power Corporation,Chinese CSI 300
III.L,3i,British FTSE 100
ABDN.L,Abrdn,British FTSE 100
ADM.L,Admiral Group,British FTSE 100
AAF.L,Airtel Africa,British FTSE 100
AAL.L,Anglo American plc,British FTSE 100
ANTO.L,Antofagasta plc,British FTSE 100
AHT.L,Ashtead Group,British FTSE 100
ABF.L,Associated British Foods,British FTSE 100
AZN.L,AstraZeneca,British FTSE 100
AUTO.L,Auto Trader Group,British FTSE 100
AV.L,Aviva,British FTSE 100
BME.L,B&M,British FTSE 100
BA.L,BAE Systems,British FTSE 100
BARC.L,Barclays,British FTSE 100
BDEV.L,Barratt Developments,British FTSE 100
BEZ.L,Beazley Group,British FTSE 100
BKG.L,Berkeley Group Holdings,British FTSE 100
BP.L,BP,British FTSE 100
BATS.L,British American Tobacco,British FTSE 100
BLND.L,British Land,British FTSE 100
BT-A.L,BT Group,British FTSE 100
BNZL.L,Bunzl,British FTSE 100
BRBY.L,Burberry,British FTSE 100
CNA.L,Centrica,British FTSE 100
CCH.L,Coca-Cola HBC,British FTSE 100
CPG.L,Compass Group,British FTSE 100
CTEC.L,Convatec,British FTSE 100
CRH.L,CRH plc,British FTSE 100
CRDA.L,Croda International,British FTSE 100
DCC.L,DCC plc,British FTSE 100
DGE.L,Diageo,British FTSE 100
EDV.L,Endeavour Mining,British FTSE 100
ENT.L,Entain,British FTSE 100
EXPN.L,Experian,British FTSE 100
FCIT.L,Foreign & Colonial Investment Trust,British FTSE 100
FLTR.L,Flutter Entertainment,British FTSE 100
FRAS.L,Frasers Group,British FTSE 100
FRES.L,Fresnillo plc,British FTSE 100
GLEN.L,Glencore,British FTSE 100
GSK.L,GSK plc,British FTSE 100
HLN.L,Haleon,British FTSE 100
HLMA.L,Halma plc,British FTSE 100
HL.L,Hargreaves Lansdown,British FTSE 100
HSX.L,Hiscox,British FTSE 100
HSBA.L,HSBC,British FTSE 100
IHG.L,IHG Hotels & Resorts,British FTSE 100
IMB.L,Imperial Brands,British FTSE 100
INF.L,Informa,British FTSE 100
IAG.L,International Airlines Group,British FTSE 100
ITRK.L,Intertek,British FTSE 100
JD.L,JD Sports,British FTSE 100
JMAT.L,Johnson Matthey,British FTSE 100
KGF.L,Kingfisher plc,British FTSE 100
LAND.L,Land Securities,British FTSE 100
LGEN.L,Legal & General,British FTSE 100
LLOY.L,Lloyds Banking Group,British FTSE 100
LSEG.L,London Stock Exchange Group,British FTSE 100
MNG.L,M&G,British FTSE 100
MRO.L,Melrose Industries,British FTSE 100
MNDI.L,Mondi,British FTSE 100
NG.L,National Grid plc,British FTSE 100
NWG.L,NatWest Group,British FTSE 100
NXT.L,Next plc,British FTSE 100
OCDO.L,Ocado Group,British FTSE 100
PSON.L,Pearson plc,British FTSE 100
PSH.L,Pershing Square Holdings,British FTSE 100
PSN.L,Persimmon plc,British FTSE 100
PHNX.L,Phoenix Group,British FTSE 100
PRU.L,Prudential plc,British FTSE 100
RKT.L,Reckitt,British FTSE 100
REL.L,RELX,British FTSE 100
RTO.L,Rentokil Initial,British FTSE 100
RMV.L,Rightmove,British FTSE 100
RIO.L,Rio Tinto,British FTSE 100
RR.L,Rolls-Royce Holdings,British FTSE 100
RS1.L,RS Group plc,British FTSE 100
SGE.L,Sage Group,British FTSE 100
SBRY.L,Sainsbury's,British FTSE 100
SDR.L,Schroders,British FTSE 100
SMT.L,Scottish Mortgage Investment Trust,British FTSE 100
SGRO.L,Segro,British FTSE 100
SVT.L,Severn Trent,British FTSE 100
SHEL.L,Shell plc,British FTSE 100
SMDS.L,DS Smith,British FTSE 100
SMIN.L,Smiths Group,British FTSE 100
SN.L,Smith & Nephew,British FTSE 100
SKG.L,Smurfit Kappa,British FTSE 100
SPX.L,Spirax-Sarco Engineering,British FTSE 100
SSE.L,SSE plc,British FTSE 100
STAN.L,Standard Chartered,British FTSE 100
STJ.L,St. James's Place plc,British FTSE 100
TW.L,Taylor Wimpey,British FTSE 100
TSCO.L,Tesco,British FTSE 100
ULVR.L,Unilever,British FTSE 100
UU.L,United Utilities,British FTSE 100
UTG.L,Unite Group,British FTSE 100
VOD.L,Vodafone Group,British FTSE 100
WEIR.L,Weir Group,British FTSE 100
WTB.L,Whitbread,British FTSE 100
WPP.L,WPP plc,British FTSE 100
ADS.DE,Adidas,German DAX
AIR.DE,Airbus,German DAX
ALV.DE,Allianz,German DAX
BAS.DE,BASF,German DAX
BAYN.DE,Bayer,German DAX
BEI.DE,Beiersdorf,German DAX
BMW.DE,BMW,German DAX
BNR.DE,Brenntag,German DAX
CBK.DE,Commerzbank,German DAX
CON.DE,Continental,German DAX
1COV.DE,Covestro,German DAX
DTG.DE,Daimler Truck,German DAX
DBK.DE,Deutsche Bank,German DAX
DB1.DE,Deutsche Börse,German DAX
DPW.DE,Deutsche Post,German DAX
DTE.DE,Deutsche Telekom,German DAX
EOAN.DE,E.ON,German DAX
FRE.DE,Fresenius,German DAX
HNR1.DE,Hannover Re,German DAX
HEI.DE,Heidelberg Materials,German DAX
HEN3.DE,Henkel,German DAX
IFX.DE,Infineon Technologies,German DAX
MBG.DE,Mercedes-Benz Group,German DAX
MRK.DE,Merck,German DAX
MTX.DE,MTU Aero Engines,German DAX
MUV2.DE,Munich Re,German DAX
P911.DE,Porsche,German DAX
PAH3.DE,Porsche SE,German DAX
QIA.DE,Qiagen,German DAX
RHM.DE,Rheinmetall,German DAX
RWE.DE,RWE,German DAX
SAP.DE,SAP,German DAX
SRT3.DE,Sartorius,German DAX
SIE.DE,Siemens,German DAX
ENR.DE,Siemens Energy,German DAX
SHL.DE,Siemens Healthineers,German DAX
SY1.DE,Symrise,German DAX
VOW3.DE,Volkswagen Group,German DAX
VNA.DE,Vonovia,German DAX
ZAL.DE,Zalando,German DAX
AI.PA,Air Liquide,French CAC 40
AIR.PA,Airbus,French CAC 40
ALO.PA,Alstom,French CAC 40
MT.AS,ArcelorMittal,French CAC 40
CS.PA,AXA,French CAC 40
BNP.PA,BNP Paribas,French CAC 40
EN.PA,Bouygues,French CAC 40
CAP.PA,Capgemini,French CAC 40
CA.PA,Carrefour,French CAC 40
ACA.PA,Crédit Agricole,French CAC 40
BN.PA,Danone,French CAC 40
DSY.PA,Dassault Systèmes,French CAC 40
ENGI.PA,Engie,French CAC 40
EL.PA,EssilorLuxottica,French CAC 40
ERF.PA,Eurofins Scientific,French CAC 40
RMS.PA,Hermès,French CAC 40
KER.PA,Kering,French CAC 40
OR.PA,L'Oréal,French CAC 40
LR.PA,Legrand,French CAC 40
MC.PA,LVMH,French CAC 40
ML.PA,Michelin,French CAC 40
ORA.PA,Orange,French CAC 40
RI.PA,Pernod Ricard,French CAC 40
PUB.PA,Publicis,French CAC 40
RNO.PA,Renault,French CAC 40
SAF.PA,Safran,French CAC 40
SGO.PA,Saint-Gobain,French CAC 40
SAN.PA,Sanofi,French CAC 40
SU.PA,Schneider Electric,French CAC 40
GLE.PA,Société Générale,French CAC 40
STLAP.PA,Stellantis,French CAC 40
STMPA.PA,STMicroelectronics,French CAC 40
TEP.PA,Teleperformance,French CAC 40
HO.PA,Thales,French CAC 40
TTE.PA,TotalEnergies,French CAC 40
URW.PA,Unibail-Rodamco-Westfield,French CAC 40
VIE.PA,Veolia,French CAC 40
DG.PA,Vinci,French CAC 40
VIV.PA,Vivendi,French CAC 40
WLN.PA,Worldline,French CAC 40
ASIANPAINT.BO,Asian Paints,Indian S&P BSE SENSEX
AXISBANK.BO,Axis Bank,Indian S&P BSE SENSEX
BAJAJ-AUTO.BO,Bajaj Auto,Indian S&P BSE SENSEX
BAJFINANCE.BO,Bajaj Finance,Indian S&P BSE SENSEX
BAJAJFINSV.BO,Bajaj Finserv,Indian S&P BSE SENSEX
BHARTIARTL.BO,Bharti Airtel,Indian S&P BSE SENSEX
DRREDDY.BO,Dr Reddy's Laboratories,Indian S&P BSE SENSEX
HCLTECH.BO,HCL Technologies,Indian S&P BSE SENSEX
HDFC.BO,HDFC,Indian S&P BSE SENSEX
HDFCBANK.BO,HDFC Bank,Indian S&P BSE SENSEX
HINDUNILVR.BO,Hindustan Unilever Limited,Indian S&P BSE SENSEX
ICICIBANK.BO,ICICI Bank,Indian S&P BSE SENSEX
INDUSINDBK.BO,IndusInd Bank,Indian S&P BSE SENSEX
INFY.BO,Infosys,Indian S&P BSE SENSEX
ITC.BO,ITC Limited,Indian S&P BSE SENSEX
KOTAKBANK.BO,Kotak Mahindra Bank,Indian S&P BSE SENSEX
LT.BO,Larsen & Toubro,Indian S&P BSE SENSEX
M&M.BO,Mahindra & Mahindra,Indian S&P BSE SENSEX
MARUTI.BO,Maruti Suzuki,Indian S&P BSE SENSEX
NESTLEIND.BO,Nestlé India,Indian S&P BSE SENSEX
NTPC.BO,NTPC,Indian S&P BSE SENSEX
ONGC.BO,Oil and Natural Gas Corporation,Indian S&P BSE SENSEX
POWERGRID.BO,Power Grid Corporation of India,Indian S&P BSE SENSEX
RELIANCE.BO,Reliance Industries Limited,Indian S&P BSE SENSEX
SBIN.BO,State Bank of India,Indian S&P BSE SENSEX
SUNPHARMA.BO,Sun Pharma,Indian S&P BSE SENSEX
TCS.BO,Tata Consultancy Services,Indian S&P BSE SENSEX
TECHM.BO,Tech Mahindra,Indian S&P BSE SENSEX
TITAN.BO,Titan Company,Indian S&P BSE SENSEX
ULTRACEMCO.BO,UltraTech Cement,Indian S&P BSE SENSEX
ADANIENT.NS,Adani Enterprises,Indian Nifty 50
ADANIPORTS.NS,Adani Ports & SEZ,Indian Nifty 50
APOLLOHOSP.NS,Apollo Hospitals,Indian Nifty 50
ASIANPAINT.NS,Asian Paints,Indian Nifty 50
AXISBANK.NS,Axis Bank,Indian Nifty 50
BAJAJ-AUTO.NS,Bajaj Auto,Indian Nifty 50
BAJFINANCE.NS,Bajaj Finance,Indian Nifty 50
BAJAJFINSV.NS,Bajaj Finserv,Indian Nifty 50
BPCL.NS,Bharat Petroleum,Indian Nifty 50
BHARTIARTL.NS,Bharti Airtel,Indian Nifty 50
BRITANNIA.NS,Britannia Industries,Indian Nifty 50
CIPLA.NS,Cipla,Indian Nifty 50
COALINDIA.NS,Coal India,Indian Nifty 50
DIVISLAB.NS,Divi's Laboratories,Indian Nifty 50
DRREDDY.NS,Dr. Reddy's Laboratories,Indian Nifty 50
EICHERMOT.NS,Eicher Motors,Indian Nifty 50
GRASIM.NS,Grasim Industries,Indian Nifty 50
HCLTECH.NS,HCLTech,Indian Nifty 50
HDFC.NS,HDFC,Indian Nifty 50
HDFCBANK.NS,HDFC Bank,Indian Nifty 50
HDFCLIFE.NS,HDFC Life,Indian Nifty 50
HEROMOTOCO.NS,Hero MotoCorp,Indian Nifty 50
HINDALCO.NS,Hindalco Industries,Indian Nifty 50
HINDUNILVR.NS,Hindustan Unilever,Indian Nifty 50
ICICIBANK.NS,ICICI Bank,Indian Nifty 50
INDUSINDBK.NS,IndusInd Bank,Indian Nifty 50
INFY.NS,Infosys,Indian Nifty 50
ITC.NS,ITC,Indian Nifty 50
JSWSTEEL.NS,JSW Steel,Indian Nifty 50
KOTAKBANK.NS,Kotak Mahindra Bank,Indian Nifty 50
LT.NS,Larsen & Toubro,Indian Nifty 50
M&M.NS,Mahindra & Mahindra,Indian Nifty 50
MARUTI.NS,Maruti Suzuki,Indian Nifty 50
NESTLEIND.NS,Nestlé India,Indian Nifty 50
NTPC.NS,NTPC,Indian Nifty 50
ONGC.NS,Oil and Natural Gas Corporation,Indian Nifty 50
POWERGRID.NS,Power Grid,Indian Nifty 50
RELIANCE.NS,Reliance Industries,Indian Nifty 50
SBILIFE.NS,SBI Life Insurance Company,Indian Nifty 50
SBIN.NS,State Bank of India,Indian Nifty 50
SUNPHARMA.NS,Sun Pharma,Indian Nifty 50
TATAMOTORS.NS,Tata Motors,Indian Nifty 50
TATASTEEL.NS,Tata Steel,Indian Nifty 50
TCS.NS,Tata Consultancy Services,Indian Nifty 50
TATACONSUM.NS,Tata Consumer Products,Indian Nifty 50
TECHM.NS,Tech Mahindra,Indian Nifty 50
TITAN.NS,Titan Company,Indian Nifty 50
ULTRACEMCO.NS,UltraTech Cement,Indian Nifty 50
UPL.NS,UPL,Indian Nifty 50
WIPRO.NS,Wipro,Indian Nifty 50
A2M.AX,The a2 Milk Company,Australian S&P ASX 200
ABC.AX,Adbri,Australian S&P ASX 200
ABP.AX,Abacus Property Group,Australian S&P ASX 200
AGL.AX,AGL Energy,Australian S&P ASX 200
AIA.AX,Auckland Airport,Australian S&P ASX 200
AKE.AX,Allkem,Australian S&P ASX 200
ALD.AX,Ampol,Australian S&P ASX 200
ALL.AX,Aristocrat Leisure,Australian S&P ASX 200
ALQ.AX,ALS,Australian S&P ASX 200
ALU.AX,Altium,Australian S&P ASX 200
ALX.AX,Atlas Arteria,Australian S&P ASX 200
AMC.AX,Amcor,Australian S&P ASX 200
AMP.AX,AMP,Australian S&P ASX 200
ANN.AX,Ansell,Australian S&P ASX 200
ANZ.AX,Australia & New Zealand Banking Group,Australian S&P ASX 200
APA.AX,APA Group,Australian S&P ASX 200
APE.AX,Eagers Automotive,Australian S&P ASX 200
SQ2.AX,Block Inc. CDI,Australian S&P ASX 200
ARB.AX,ARB Corporation,Australian S&P ASX 200
ARF.AX,Arena REIT,Australian S&P ASX 200
ASX.AX,ASX,Australian S&P ASX 200
AUB.AX,AUB Group,Australian S&P ASX 200
AWC.AX,Alumina,Australian S&P ASX 200
AZJ.AX,Aurizon,Australian S&P ASX 200
AVZ.AX,AVZ Minerals,Australian S&P ASX 200
BAP.AX,Bapcor,Australian S&P ASX 200
BEN.AX,Bendigo & Adelaide Bank,Australian S&P ASX 200
BGA.AX,Bega Cheese,Australian S&P ASX 200
BHP.AX,BHP,Australian S&P ASX 200
BKL.AX,Blackmores,Australian S&P ASX 200
BKW.AX,Brickworks,Australian S&P ASX 200
BLD.AX,Boral,Australian S&P ASX 200
BOQ.AX,Bank of Queensland,Australian S&P ASX 200
BPT.AX,Beach Energy,Australian S&P ASX 200
BRN.AX,Brainchip,Australian S&P ASX 200
BRG.AX,Breville Group,Australian S&P ASX 200
BSL.AX,BlueScope,Australian S&P ASX 200
BWP.AX,BWP Trust,Australian S&P ASX 200
BXB.AX,Brambles,Australian S&P ASX 200
CAR.AX,Carsales,Australian S&P ASX 200
CBA.AX,Commonwealth Bank,Australian S&P ASX 200
CCP.AX,Credit Corp Group,Australian S&P ASX 200
CCX.AX,City Chic Collective,Australian S&P ASX 200
CGC.AX,Costa Group,Australian S&P ASX 200
CGF.AX,Challenger,Australian S&P ASX 200
CHC.AX,Charter Hall,Australian S&P ASX 200
CHN.AX,Chalice Mining,Australian S&P ASX 200
CIA.AX,Champion Iron,Australian S&P ASX 200
CIP.AX,Centuria Industrial REIT,Australian S&P ASX 200
CKF.AX,Collins Foods,Australian S&P ASX 200
CLW.AX,Charter Hall Long WALE REIT,Australian S&P ASX 200
CMW.AX,Cromwell Property Group,Australian S&P ASX 200
CNI.AX,Centuria Capital,Australian S&P ASX 200
CNU.AX,Chorus,Australian S&P ASX 200
COH.AX,Cochlear,Australian S&P ASX 200
COL.AX,Coles Group,Australian S&P ASX 200
CPU.AX,Computershare,Australian S&P ASX 200
CRN.AX,Coronado Global Resources,Australian S&P ASX 200
CQR.AX,Charter Hall Retail REIT,Australian S&P ASX 200
CSL.AX,CSL,Australian S&P ASX 200
CSR.AX,CSR,Australian S&P ASX 200
CTD.AX,Corporate Travel Management,Australian S&P ASX 200
CUV.AX,Clinuvel Pharmaceut,Australian S&P ASX 200
CWY.AX,Cleanaway,Australian S&P ASX 200
CXO.AX,Core Lithium,Australian S&P ASX 200
DEG.AX,De Grey Mining,Australian S&P ASX 200
DHG.AX,Domain Group,Australian S&P ASX 200
DMP.AX,Domino's Pizza Enterprises,Australian S&P ASX 200
DOW.AX,Downer Group,Australian S&P ASX 200
DRR.AX,Deterra Royalties,Australian S&P ASX 200
DXS.AX,Dexus,Australian S&P ASX 200
EDV.AX,Endeavour Group,Australian S&P ASX 200
ELD.AX,Elders,Australian S&P ASX 200
EML.AX,EML Payments,Australian S&P ASX 200
EVN.AX,Evolution Mining,Australian S&P ASX 200
EVT.AX,Event Hospitality and Entertainment,Australian S&P ASX 200
FBU.AX,Fletcher Building,Australian S&P ASX 200
FLT.AX,Flight Centre,Australian S&P ASX 200
FMG.AX,Fortescue Metals Group,Australian S&P ASX 200
FPH.AX,Fisher & Paykel Healthcare,Australian S&P ASX 200
GMG.AX,Goodman Group,Australian S&P ASX 200
GNC.AX,GrainCorp,Australian S&P ASX 200
GOR.AX,Gold Road Res,Australian S&P ASX 200
GOZ.AX,Growthpoint Properties,Australian S&P ASX 200
GPT.AX,GPT Group,Australian S&P ASX 200
GUD.AX,GUD Holdings,Australian S&P ASX 200
HDN.AX,HomeCo Daily Needs REIT,Australian S&P ASX 200
HLS.AX,Healius,Australian S&P ASX 200
HMC.AX,Home Consortium,Australian S&P ASX 200
HUB.AX,HUB24,Australian S&P ASX 200
HVN.AX,Harvey Norman,Australian S&P ASX 200
IAG.AX,Insurance Australia Group,Australian S&P ASX 200
IEL.AX,Idp Education,Australian S&P ASX 200
IFL.AX,Insignia Financial,Australian S&P ASX 200
IGO.AX,Independence Group,Australian S&P ASX 200
ILU.AX,Iluka Resources,Australian S&P ASX 200
IMU.AX,Imugene,Australian S&P ASX 200
INA.AX,Ingenia Group,Australian S&P ASX 200
ING.AX,Inghams,Australian S&P ASX 200
IPH.AX,IPH,Australian S&P ASX 200
IPL.AX,Incitec Pivot,Australian S&P ASX 200
IRE.AX,Iress,Australian S&P ASX 200
IVC.AX,InvoCare,Australian S&P ASX 200
JBH.AX,JB Hi-Fi,Australian S&P ASX 200
JHG.AX,Janus Henderson,Australian S&P ASX 200
JHX.AX,James Hardie,Australian S&P ASX 200
KLS.AX,Kelsian Group,Australian S&P ASX 200
LIC.AX,Lifestyle Communities,Australian S&P ASX 200
LKE.AX,Lake Resources,Australian S&P ASX 200
LLC.AX,Lendlease,Australian S&P ASX 200
LNK.AX,Link Admin,Australian S&P ASX 200
LTR.AX,Liontown Resources,Australian S&P ASX 200
LYC.AX,Lynas,Australian S&P ASX 200
MFG.AX,Magellan Financial Group,Australian S&P ASX 200
MGR.AX,Mirvac,Australian S&P ASX 200
MIN.AX,Mineral Resources,Australian S&P ASX 200
MP1.AX,Megaport,Australian S&P ASX 200
MPL.AX,Medibank,Australian S&P ASX 200
MQG.AX,Macquarie Group,Australian S&P ASX 200
MTS.AX,Metcash,Australian S&P ASX 200
NAB.AX,National Australia Bank,Australian S&P ASX 200
NAN.AX,Nanosonics,Australian S&P ASX 200
NCM.AX,Newcrest,Australian S&P ASX 200
NEC.AX,Nine Entertainment,Australian S&P ASX 200
NHC.AX,New Hope Corporation,Australian S&P ASX 200
NHF.AX,Nib,Australian S&P ASX 200
NIC.AX,Nickel Industries Limited,Australian S&P ASX 200
NSR.AX,National Storage,Australian S&P ASX 200
NST.AX,Northern Star Resources,Australian S&P ASX 200
NUF.AX,Nufarm,Australian S&P ASX 200
NVX.AX,Novonix,Australian S&P ASX 200
NWL.AX,Netwealth Group,Australian S&P ASX 200
NWS.AX,News Corp Class B,Australian S&P ASX 200
NXT.AX,NextDC,Australian S&P ASX 200
ORA.AX,Orora,Australian S&P ASX 200
ORG.AX,Origin Energy,Australian S&P ASX 200
ORI.AX,Orica,Australian S&P ASX 200
OZL.AX,Oz Minerals,Australian S&P ASX 200
PBH.AX,Pointsbet Holdings,Australian S&P ASX 200
PDL.AX,Pendal Group,Australian S&P ASX 200
PDN.AX,Paladin Energy,Australian S&P ASX 200
PLS.AX,Pilbara Minerals,Australian S&P ASX 200
PME.AX,Pro Medicus,Australian S&P ASX 200
PMV.AX,Premier Investments,Australian S&P ASX 200
PNI.AX,Pinnacle Investment Management,Australian S&P ASX 200
PPT.AX,Perpetual,Australian S&P ASX 200
PRU.AX,Perseus Mining,Australian S&P ASX 200
QAN.AX,Qantas,Australian S&P ASX 200
QBE.AX,QBE Insurance,Australian S&P ASX 200
QUB.AX,Qube Holdings,Australian S&P ASX 200
REA.AX,REA Group,Australian S&P ASX 200
REH.AX,Reece Group,Australian S&P ASX 200
RHC.AX,Ramsay Health Care,Australian S&P ASX 200
RIO.AX,Rio Tinto,Australian S&P ASX 200
RMD.AX,ResMed,Australian S&P ASX 200
RMS.AX,Ramelius Resources,Australian S&P ASX 200
RRL.AX,Regis Resources,Australian S&P ASX 200
RWC.AX,Reliance Worldwide Corporation,Australian S&P ASX 200
S32.AX,South32,Australian S&P ASX 200
SBM.AX,St Barbara,Australian S&P ASX 200
SCG.AX,Scentre Group,Australian S&P ASX 200
SCP.AX,Shopping Centres Australasia Property Group,Australian S&P ASX 200
SDF.AX,Steadfast Group,Australian S&P ASX 200
SEK.AX,Seek,Australian S&P ASX 200
SFR.AX,Sandfire Resources,Australian S&P ASX 200
SGM.AX,Sims Metal,Australian S&P ASX 200
SGP.AX,Stockland,Australian S&P ASX 200
SGR.AX,Star Entertainment Group,Australian S&P ASX 200
SHL.AX,Sonic Healthcare,Australian S&P ASX 200
SLR.AX,Silver Lake Resource,Australian S&P ASX 200
SOL.AX,Washington H Soul Pattinson,Australian S&P ASX 200
STO.AX,Santos,Australian S&P ASX 200
SUL.AX,Super Retail Group,Australian S&P ASX 200
SUN.AX,Suncorp,Australian S&P ASX 200
SVW.AX,Seven Group Holdings,Australian S&P ASX 200
TLX.AX,Telix Pharmaceuticals,Australian S&P ASX 200
TAH.AX,Tabcorp,Australian S&P ASX 200
TCL.AX,Transurban,Australian S&P ASX 200
TLC.AX,The Lottery Corporation,Australian S&P ASX 200
TLS.AX,Telstra,Australian S&P ASX 200
TNE.AX,TechnologyOne,Australian S&P ASX 200
TPG.AX,TPG Telecom,Australian S&P ASX 200
TWE.AX,Treasury Wine Estates,Australian S&P ASX 200
TYR.AX,Tyro Payments,Australian S&P ASX 200
UMG.AX,United Malt Group,Australian S&P ASX 200
UWL.AX,Uniti Group,Australian S&P ASX 200
VCX.AX,Vicinity Centres,Australian S&P ASX 200
VEA.AX,Viva Energy,Australian S&P ASX 200
VUK.AX,Virgin Money UK plc,Australian S&P ASX 200
WBC.AX,Westpac,Australian S&P ASX 200
WEB.AX,Webjet,Australian S&P ASX 200
WES.AX,Wesfarmers,Australian S&P ASX 200
WHC.AX,Whitehaven Coal,Australian S&P ASX 200
WOR.AX,Worley,Australian S&P ASX 200
WOW.AX,Woolworths,Australian S&P ASX 200
WDS.AX,Woodside Energy,Australian S&P ASX 200
WPR.AX,Waypoint REIT[16],Australian S&P ASX 200
WTC.AX,Wisetech Global,Australian S&P ASX 200
XRO.AX,Xero,Australian S&P ASX 200
ZIP.AX,Zip,Australian S&P ASX 200
